customer_id,churned,prediction,probability
3,0,0.0,"[0.743965495609394,0.25603450439060604]"
7,1,0.0,"[0.7826540839086916,0.2173459160913084]"
9,0,0.0,"[0.7141430246198824,0.2858569753801176]"
14,1,0.0,"[0.7372490445056551,0.26275095549434496]"
20,0,0.0,"[0.7881542219449211,0.21184577805507873]"
24,1,0.0,"[0.5400183230530125,0.45998167694698755]"
30,1,0.0,"[0.6752853822764711,0.32471461772352883]"
36,0,0.0,"[0.7781475767604341,0.22185242323956586]"
46,0,0.0,"[0.6254290117244303,0.37457098827556967]"
47,0,0.0,"[0.7416065208860693,0.2583934791139308]"
48,0,0.0,"[0.6170295082763715,0.3829704917236284]"
50,0,0.0,"[0.7528339725819396,0.24716602741806032]"
52,1,0.0,"[0.6556207077846052,0.3443792922153947]"
56,0,0.0,"[0.5492260065320984,0.45077399346790165]"
63,0,0.0,"[0.7937352845493003,0.20626471545069971]"
70,0,0.0,"[0.6677454867512672,0.33225451324873273]"
78,0,0.0,"[0.689717366131523,0.310282633868477]"
101,0,0.0,"[0.7110149642237195,0.2889850357762805]"
113,1,0.0,"[0.550463536463111,0.4495364635368891]"
117,0,0.0,"[0.8334489607068608,0.16655103929313914]"
118,0,0.0,"[0.7837621982156651,0.21623780178433502]"
119,0,0.0,"[0.6196084634411612,0.380391536558839]"
130,0,0.0,"[0.6572010940281896,0.3427989059718104]"
132,0,0.0,"[0.8474896089549157,0.15251039104508435]"
153,0,0.0,"[0.7592964292184136,0.2407035707815865]"
161,0,0.0,"[0.847998790641371,0.15200120935862904]"
165,1,0.0,"[0.6366139508415043,0.36338604915849565]"
169,1,1.0,"[0.4923098842437488,0.5076901157562511]"
172,1,0.0,"[0.7245163518267511,0.27548364817324894]"
184,0,0.0,"[0.7591183489952072,0.24088165100479264]"
190,0,0.0,"[0.6157718029635496,0.38422819703645045]"
205,0,0.0,"[0.7186980033562776,0.2813019966437223]"
212,0,0.0,"[0.8658011494271154,0.1341988505728847]"
220,0,0.0,"[0.7061648048034928,0.2938351951965072]"
225,0,0.0,"[0.6984801209719059,0.3015198790280941]"
241,1,1.0,"[0.4727123703273853,0.5272876296726149]"
255,0,0.0,"[0.7403798129362116,0.25962018706378853]"
259,1,0.0,"[0.7965142724856396,0.20348572751436042]"
262,0,0.0,"[0.8711308231797265,0.1288691768202736]"
264,0,0.0,"[0.7281898450558904,0.27181015494410965]"
267,0,0.0,"[0.8492341546929375,0.1507658453070625]"
269,0,0.0,"[0.6816083216115394,0.31839167838846066]"
289,0,0.0,"[0.6665451029024535,0.33345489709754655]"
292,0,0.0,"[0.8488395187408398,0.1511604812591602]"
293,1,0.0,"[0.6354116041762036,0.3645883958237965]"
297,1,0.0,"[0.6022780990748201,0.39772190092517995]"
299,1,0.0,"[0.6175119686021813,0.3824880313978187]"
311,0,0.0,"[0.8217885104043928,0.17821148959560723]"
313,0,0.0,"[0.8782009900311752,0.12179900996882469]"
324,0,0.0,"[0.8486690881106866,0.15133091188931322]"
336,1,0.0,"[0.6649863174119424,0.3350136825880576]"
338,0,1.0,"[0.4433468410674747,0.5566531589325254]"
342,0,0.0,"[0.7469359734781286,0.2530640265218715]"
349,0,0.0,"[0.7694935311696366,0.23050646883036335]"
369,0,0.0,"[0.7719119987741224,0.22808800122587758]"
377,0,0.0,"[0.6623042968017414,0.33769570319825853]"
383,0,0.0,"[0.584839414045505,0.41516058595449495]"
397,0,0.0,"[0.7214256929446103,0.2785743070553896]"
410,0,0.0,"[0.8053068805559416,0.19469311944405848]"
417,0,0.0,"[0.7954451046665769,0.20455489533342308]"
427,0,0.0,"[0.6362469478786537,0.36375305212134634]"
428,0,0.0,"[0.6646691603643925,0.3353308396356076]"
436,1,0.0,"[0.7380948375911014,0.26190516240889855]"
444,1,0.0,"[0.6394456785342625,0.36055432146573757]"
448,0,0.0,"[0.7718890423296917,0.2281109576703082]"
451,0,0.0,"[0.7454919646397951,0.2545080353602049]"
464,1,0.0,"[0.5389223242308758,0.46107767576912406]"
472,1,0.0,"[0.7682948723935614,0.2317051276064385]"
474,0,0.0,"[0.7741929332253846,0.22580706677461546]"
477,0,0.0,"[0.6959850675410018,0.3040149324589983]"
480,1,0.0,"[0.719933851421334,0.28006614857866585]"
485,0,0.0,"[0.6442430781447189,0.3557569218552811]"
490,1,0.0,"[0.5913883348077918,0.40861166519220826]"
497,0,0.0,"[0.8536287564837798,0.14637124351622027]"
504,0,0.0,"[0.7099730227197163,0.2900269772802837]"
505,0,0.0,"[0.8325407550935565,0.16745924490644346]"
507,0,0.0,"[0.8008804603016251,0.19911953969837493]"
512,0,0.0,"[0.6190654807697336,0.3809345192302664]"
513,0,0.0,"[0.707802210033382,0.2921977899666181]"
515,1,0.0,"[0.7743975624931165,0.22560243750688352]"
518,0,0.0,"[0.8645071324250345,0.13549286757496545]"
519,0,0.0,"[0.7197290787848416,0.28027092121515834]"
537,1,0.0,"[0.8533735693992816,0.14662643060071848]"
549,1,0.0,"[0.7206757103411655,0.27932428965883455]"
555,1,0.0,"[0.5324656563344036,0.4675343436655965]"
558,1,0.0,"[0.7948768479565156,0.20512315204348444]"
572,0,0.0,"[0.8025216862448468,0.19747831375515318]"
577,1,0.0,"[0.5623326197282545,0.4376673802717453]"
581,0,0.0,"[0.7549556232077237,0.24504437679227636]"
582,0,0.0,"[0.8275663388610504,0.1724336611389495]"
584,1,0.0,"[0.6963579665006279,0.303642033499372]"
589,0,1.0,"[0.4742822166382111,0.5257177833617889]"
591,1,0.0,"[0.8036244817236382,0.19637551827636185]"
593,1,0.0,"[0.7052546440373818,0.29474535596261825]"
597,1,0.0,"[0.5113043878374083,0.48869561216259183]"
603,0,0.0,"[0.7670224726210645,0.23297752737893565]"
613,0,0.0,"[0.8108637963523274,0.18913620364767267]"
617,1,0.0,"[0.5925012963046083,0.40749870369539176]"
628,1,0.0,"[0.587289058319979,0.41271094168002087]"
630,0,0.0,"[0.5943515014359543,0.4056484985640458]"
633,1,0.0,"[0.7440309391697152,0.25596906083028476]"
635,0,0.0,"[0.7623450048676799,0.23765499513232005]"
642,0,0.0,"[0.8531624166756251,0.14683758332437502]"
646,1,0.0,"[0.7751229468861985,0.22487705311380146]"
649,0,0.0,"[0.5633864995855782,0.43661350041442176]"
653,1,1.0,"[0.49173980685026125,0.5082601931497387]"
660,0,0.0,"[0.6440400940493307,0.3559599059506693]"
671,0,0.0,"[0.7370903272500533,0.26290967274994664]"
672,0,0.0,"[0.7319348715182892,0.2680651284817109]"
674,0,0.0,"[0.7969689337406529,0.20303106625934697]"
696,0,0.0,"[0.8394860505800603,0.16051394941993968]"
697,0,0.0,"[0.8037305151355837,0.19626948486441623]"
707,0,0.0,"[0.7564836012519375,0.24351639874806252]"
711,0,0.0,"[0.7866709662652418,0.21332903373475826]"
715,0,0.0,"[0.794733460725238,0.2052665392747621]"
717,1,0.0,"[0.7164939060412061,0.28350609395879395]"
722,0,0.0,"[0.6217868468831995,0.3782131531168005]"
729,0,0.0,"[0.7635197454812885,0.2364802545187116]"
741,0,0.0,"[0.6551882066280986,0.3448117933719014]"
745,0,0.0,"[0.6883737172323018,0.3116262827676982]"
747,1,1.0,"[0.4400162962136427,0.5599837037863573]"
752,1,1.0,"[0.40022604151368757,0.5997739584863124]"
761,1,1.0,"[0.45912471479142936,0.5408752852085706]"
774,0,0.0,"[0.6271088266710548,0.3728911733289452]"
781,1,1.0,"[0.4754192148732255,0.5245807851267744]"
790,1,0.0,"[0.7411902142184178,0.2588097857815823]"
792,0,0.0,"[0.6516746108793623,0.3483253891206377]"
795,0,0.0,"[0.7325429524126041,0.2674570475873958]"
799,1,0.0,"[0.648726727912854,0.351273272087146]"
803,0,0.0,"[0.787430034668877,0.212569965331123]"
812,1,0.0,"[0.8376212127595137,0.16237878724048624]"
825,0,0.0,"[0.6384449128115139,0.36155508718848606]"
834,0,0.0,"[0.7419131360171981,0.2580868639828019]"
836,0,0.0,"[0.7165502415116914,0.2834497584883085]"
840,1,0.0,"[0.8007090199651493,0.19929098003485068]"
843,0,0.0,"[0.5971702605178303,0.4028297394821697]"
844,0,0.0,"[0.688579733014993,0.31142026698500713]"
850,0,0.0,"[0.8088584891934588,0.19114151080654107]"
866,1,0.0,"[0.7076886726350711,0.2923113273649289]"
867,0,0.0,"[0.740192570139098,0.25980742986090205]"
878,0,0.0,"[0.7965048398334396,0.20349516016656055]"
881,0,0.0,"[0.7165755215719555,0.28342447842804447]"
883,1,0.0,"[0.5124764222364334,0.4875235777635666]"
888,0,0.0,"[0.6613215474398283,0.3386784525601717]"
889,0,0.0,"[0.7351554866017367,0.26484451339826337]"
896,0,1.0,"[0.4095395480719337,0.5904604519280663]"
901,0,0.0,"[0.7291823571160394,0.27081764288396065]"
904,0,0.0,"[0.7372347448883448,0.26276525511165516]"
918,0,0.0,"[0.7353310681975803,0.2646689318024198]"
926,0,0.0,"[0.8243016915016603,0.1756983084983396]"
928,0,0.0,"[0.8227864796356218,0.17721352036437812]"
934,1,0.0,"[0.7865892787546952,0.2134107212453048]"
937,1,0.0,"[0.7657710477866665,0.2342289522133336]"
947,1,0.0,"[0.6394095885921103,0.3605904114078897]"
958,1,0.0,"[0.5824149760473364,0.41758502395266356]"
968,0,0.0,"[0.621846213237139,0.378153786762861]"
973,0,0.0,"[0.6638235047588306,0.3361764952411695]"
974,0,0.0,"[0.6642545947879105,0.33574540521208956]"
979,0,0.0,"[0.5064805223551452,0.4935194776448549]"
994,0,0.0,"[0.5881291154483504,0.41187088455164944]"
995,1,0.0,"[0.7067815779972142,0.2932184220027859]"
1000,1,0.0,"[0.6034795856821965,0.3965204143178036]"
1001,0,0.0,"[0.7937804469334716,0.20621955306652837]"
1004,1,0.0,"[0.504027172700504,0.4959728272994959]"
1006,1,0.0,"[0.6807897854082192,0.3192102145917808]"
1008,0,0.0,"[0.8617518894164887,0.1382481105835113]"
1009,1,0.0,"[0.8138061461607858,0.18619385383921414]"
1012,1,0.0,"[0.7668278354166498,0.23317216458335036]"
1021,0,0.0,"[0.5673365156534125,0.4326634843465876]"
1026,0,0.0,"[0.7052512399433607,0.29474876005663925]"
1028,0,0.0,"[0.8035281500440247,0.19647184995597528]"
1031,0,0.0,"[0.8152815709180514,0.18471842908194858]"
1040,1,0.0,"[0.6911995510228719,0.308800448977128]"
1043,0,0.0,"[0.7651779952036503,0.23482200479634982]"
1045,1,0.0,"[0.7456521541974519,0.25434784580254816]"
1054,0,0.0,"[0.5533511364626801,0.44664886353731975]"
1061,0,0.0,"[0.8607517022460928,0.13924829775390718]"
1062,1,0.0,"[0.5755724964490793,0.4244275035509207]"
1067,0,0.0,"[0.8193582563027151,0.18064174369728486]"
1075,1,0.0,"[0.8462404710345758,0.15375952896542427]"
1076,0,0.0,"[0.8246433117240054,0.1753566882759946]"
1079,0,0.0,"[0.8397313693923569,0.1602686306076431]"
1080,0,0.0,"[0.6615337748523447,0.33846622514765534]"
1084,1,0.0,"[0.8241198090197301,0.17588019098026983]"
1100,0,0.0,"[0.7659966429867786,0.23400335701322145]"
1108,0,0.0,"[0.6130721714348084,0.3869278285651916]"
1110,0,0.0,"[0.8440286190723244,0.15597138092767562]"
1114,1,0.0,"[0.6795271715262049,0.3204728284737951]"
1115,0,0.0,"[0.5890187811102323,0.4109812188897678]"
1126,0,0.0,"[0.6474013246467984,0.35259867535320144]"
1127,0,0.0,"[0.5974795492379024,0.4025204507620977]"
1129,0,0.0,"[0.6991874872265168,0.3008125127734832]"
1132,0,0.0,"[0.8126338664922269,0.1873661335077731]"
1140,0,0.0,"[0.6874727548239233,0.3125272451760767]"
1141,0,0.0,"[0.7092132090817062,0.29078679091829396]"
1142,1,0.0,"[0.7542596733603489,0.24574032663965112]"
1143,0,0.0,"[0.6866262410761828,0.3133737589238172]"
1145,0,0.0,"[0.8531149463795805,0.1468850536204195]"
1147,0,0.0,"[0.7787952779601147,0.22120472203988537]"
1150,0,0.0,"[0.7519784392245985,0.2480215607754016]"
1154,0,0.0,"[0.6135947804384657,0.3864052195615344]"
1155,0,0.0,"[0.5865841730036923,0.4134158269963078]"
1160,0,0.0,"[0.7682394692830011,0.23176053071699879]"
1161,0,0.0,"[0.5953544403429075,0.40464555965709254]"
1163,0,0.0,"[0.6843748997130892,0.31562510028691076]"
1181,0,0.0,"[0.7959459843939801,0.20405401560601985]"
1184,0,0.0,"[0.8704621038602958,0.12953789613970418]"
1186,1,0.0,"[0.6627974806479033,0.3372025193520966]"
1203,0,0.0,"[0.7637096002357047,0.2362903997642952]"
1206,1,0.0,"[0.7463980915919257,0.25360190840807445]"
1244,1,1.0,"[0.4252017352445136,0.5747982647554863]"
1245,0,0.0,"[0.7300135753343617,0.2699864246656384]"
1248,0,0.0,"[0.7711249914495668,0.22887500855043327]"
1253,1,1.0,"[0.41208237619163446,0.5879176238083655]"
1254,0,0.0,"[0.7916725796054817,0.2083274203945184]"
1257,1,0.0,"[0.725944454310949,0.274055545689051]"
1261,0,0.0,"[0.7306194757419955,0.2693805242580046]"
1263,0,0.0,"[0.7423821234694937,0.2576178765305064]"
1266,1,0.0,"[0.7160218117960246,0.2839781882039754]"
1268,0,0.0,"[0.7657671084455795,0.23423289155442045]"
1269,0,0.0,"[0.7770625147028479,0.22293748529715215]"
1270,0,0.0,"[0.6971902813148104,0.3028097186851896]"
1285,0,0.0,"[0.5876535162975132,0.4123464837024868]"
1287,0,0.0,"[0.7479193791818544,0.25208062081814564]"
1291,1,0.0,"[0.6517094261686456,0.34829057383135437]"
1304,1,1.0,"[0.3819715510973112,0.6180284489026887]"
1322,0,0.0,"[0.7826472105198067,0.21735278948019332]"
1330,1,0.0,"[0.7606513338664807,0.23934866613351924]"
1331,0,0.0,"[0.8593563761158565,0.14064362388414353]"
1332,0,0.0,"[0.8597736056538282,0.14022639434617176]"
1340,0,0.0,"[0.8021283466731787,0.19787165332682138]"
1347,0,0.0,"[0.6384200830606479,0.3615799169393521]"
1350,0,0.0,"[0.7809892775273132,0.21901072247268683]"
1354,1,0.0,"[0.6006023555435476,0.3993976444564524]"
1370,0,0.0,"[0.8523626642381452,0.14763733576185478]"
1374,0,0.0,"[0.7842879061817425,0.21571209381825748]"
1375,0,0.0,"[0.6808223129834214,0.31917768701657867]"
1378,0,0.0,"[0.6812548167743678,0.3187451832256321]"
1383,1,0.0,"[0.7140035656365353,0.28599643436346467]"
1385,1,0.0,"[0.8053756506617078,0.19462434933829215]"
1399,0,0.0,"[0.7444263629527487,0.25557363704725145]"
1400,0,0.0,"[0.6021609743618314,0.39783902563816864]"
1402,1,0.0,"[0.5715167981308991,0.42848320186910094]"
1405,0,0.0,"[0.7988860276480445,0.2011139723519555]"
1413,0,0.0,"[0.6955811448968776,0.30441885510312244]"
1430,0,0.0,"[0.642544010823328,0.35745598917667193]"
1431,0,0.0,"[0.6210664645734822,0.3789335354265178]"
1434,0,0.0,"[0.6654214447000926,0.33457855529990754]"
1435,0,0.0,"[0.608725626809806,0.391274373190194]"
1437,0,0.0,"[0.6911972702061848,0.30880272979381507]"
1452,0,0.0,"[0.7561299972590768,0.24387000274092321]"
1453,0,0.0,"[0.6971601637657158,0.3028398362342841]"
1459,1,0.0,"[0.6244068893868604,0.3755931106131396]"
1467,1,1.0,"[0.39199420760223214,0.6080057923977679]"
1481,0,0.0,"[0.8074224663306353,0.19257753366936478]"
1488,0,0.0,"[0.7750613718535946,0.22493862814640536]"
1494,0,0.0,"[0.6604688371435118,0.3395311628564882]"
1495,1,0.0,"[0.6516307493118881,0.34836925068811186]"
1507,1,0.0,"[0.6129619355623072,0.38703806443769284]"
1509,0,0.0,"[0.7131670169744337,0.28683298302556637]"
1532,0,0.0,"[0.7681357907149758,0.2318642092850242]"
1538,0,0.0,"[0.7624716205752647,0.2375283794247353]"
1543,1,1.0,"[0.43866899582226637,0.5613310041777336]"
1547,0,0.0,"[0.5246306910160259,0.475369308983974]"
1551,0,0.0,"[0.7304314083930867,0.2695685916069132]"
1556,0,0.0,"[0.8613830351204027,0.13861696487959732]"
1562,1,0.0,"[0.6139069519869482,0.38609304801305183]"
1569,0,0.0,"[0.6713692996009349,0.328630700399065]"
1573,1,0.0,"[0.718810019599966,0.28118998040003407]"
1587,0,0.0,"[0.6766047217765148,0.3233952782234853]"
1589,0,0.0,"[0.6883847474180761,0.31161525258192396]"
1590,0,0.0,"[0.8288302604708939,0.17116973952910605]"
1594,0,0.0,"[0.8643036798943102,0.1356963201056898]"
1596,0,0.0,"[0.7492605731475435,0.2507394268524564]"
1599,0,0.0,"[0.7995074887403121,0.20049251125968792]"
1601,0,0.0,"[0.7809985366055107,0.21900146339448934]"
1605,0,0.0,"[0.5857727826251616,0.4142272173748383]"
1610,0,0.0,"[0.8524562108862088,0.14754378911379115]"
1611,0,0.0,"[0.810142909779573,0.18985709022042704]"
1614,0,0.0,"[0.6392665152358699,0.3607334847641302]"
1620,0,0.0,"[0.7639286687317326,0.23607133126826743]"
1621,0,0.0,"[0.8556678655184533,0.14433213448154678]"
1622,0,0.0,"[0.8381359237638102,0.16186407623618976]"
1623,0,0.0,"[0.833820456729668,0.1661795432703321]"
1643,0,0.0,"[0.81466558638731,0.18533441361268999]"
1647,0,0.0,"[0.5557519869045172,0.4442480130954827]"
1649,0,0.0,"[0.8106003456746076,0.1893996543253925]"
1659,0,0.0,"[0.7055798982172794,0.29442010178272054]"
1666,0,0.0,"[0.8225421827325623,0.17745781726743773]"
1671,1,1.0,"[0.49164935581561936,0.5083506441843807]"
1679,1,0.0,"[0.7555150693071268,0.24448493069287333]"
1680,0,0.0,"[0.6965814516940199,0.3034185483059803]"
1688,0,0.0,"[0.6094023009584696,0.39059769904153047]"
1695,1,1.0,"[0.4651084257988482,0.5348915742011519]"
1696,0,0.0,"[0.6892522843120846,0.31074771568791526]"
1701,1,1.0,"[0.37031306931094365,0.6296869306890562]"
1715,0,0.0,"[0.7891375337531659,0.2108624662468341]"
1735,1,0.0,"[0.5027917675388274,0.4972082324611727]"
1739,0,0.0,"[0.7884381005709938,0.21156189942900605]"
1741,0,0.0,"[0.8433890311148922,0.15661096888510775]"
1742,0,0.0,"[0.6895317775910852,0.3104682224089148]"
1747,0,0.0,"[0.827352466367525,0.1726475336324749]"
1754,0,0.0,"[0.8486928910843331,0.15130710891566698]"
1755,0,1.0,"[0.45242084275572153,0.5475791572442785]"
1767,1,0.0,"[0.635600116283219,0.36439988371678095]"
1779,1,0.0,"[0.6068184358467276,0.39318156415327254]"
1785,1,0.0,"[0.6105978398369607,0.3894021601630394]"
1792,0,0.0,"[0.7236616127409783,0.27633838725902166]"
1798,0,0.0,"[0.7620803217461813,0.23791967825381874]"
1800,0,0.0,"[0.7905286419817511,0.20947135801824898]"
1801,0,0.0,"[0.8571470253208933,0.1428529746791067]"
1805,0,0.0,"[0.8343205061363685,0.16567949386363157]"
1809,1,0.0,"[0.6762983792925323,0.3237016207074677]"
1810,1,0.0,"[0.5894091835206412,0.4105908164793588]"
1813,0,0.0,"[0.6344691570618783,0.36553084293812155]"
1819,1,0.0,"[0.7799999610711732,0.22000003892882683]"
1820,0,0.0,"[0.7769202162674317,0.22307978373256832]"
1827,0,0.0,"[0.7322543554901428,0.26774564450985716]"
1830,0,0.0,"[0.8438225079138457,0.15617749208615425]"
1832,0,0.0,"[0.7913831893950117,0.20861681060498832]"
1838,0,0.0,"[0.7994001702252125,0.20059982977478744]"
1846,0,0.0,"[0.7460751614775867,0.25392483852241343]"
1850,0,0.0,"[0.6166224453294281,0.38337755467057194]"
1857,0,0.0,"[0.8658826174538976,0.13411738254610228]"
1858,0,0.0,"[0.7816219414511694,0.21837805854883058]"
1861,0,0.0,"[0.7418066245490772,0.25819337545092275]"
1862,0,0.0,"[0.6658319573274102,0.3341680426725898]"
1868,0,0.0,"[0.7914949405344562,0.20850505946554382]"
1871,0,0.0,"[0.8134156389594788,0.18658436104052123]"
1879,0,0.0,"[0.8079497570387689,0.19205024296123113]"
1885,1,0.0,"[0.8102768611055766,0.1897231388944234]"
1889,1,1.0,"[0.3994980483146765,0.6005019516853236]"
1893,1,1.0,"[0.48419343683753985,0.5158065631624602]"
1895,0,0.0,"[0.8484879500713934,0.15151204992860645]"
1900,0,0.0,"[0.7660925942666129,0.23390740573338717]"
1902,0,0.0,"[0.8169782803241665,0.1830217196758335]"
1903,0,0.0,"[0.6518812056855514,0.34811879431444853]"
1912,0,0.0,"[0.8110762302222244,0.18892376977777564]"
1915,0,0.0,"[0.8412678113476744,0.15873218865232558]"
1916,0,0.0,"[0.6071193305114011,0.3928806694885989]"
1921,0,0.0,"[0.7701181204299804,0.2298818795700196]"
1928,1,0.0,"[0.5941269122583733,0.4058730877416266]"
1931,0,0.0,"[0.8076728104721863,0.1923271895278138]"
1936,0,0.0,"[0.8122159559160962,0.18778404408390378]"
1944,0,0.0,"[0.7384183213946132,0.26158167860538684]"
1946,0,0.0,"[0.7633771825317351,0.23662281746826494]"
1949,0,1.0,"[0.4738700221970157,0.5261299778029843]"
1952,0,0.0,"[0.8387839874747686,0.16121601252523143]"
1956,0,0.0,"[0.7180518912578281,0.2819481087421719]"
1959,0,0.0,"[0.7540171629952322,0.2459828370047677]"
1969,1,0.0,"[0.6984242840544395,0.30157571594556043]"
1970,0,0.0,"[0.7508955591418934,0.24910444085810662]"
1979,0,0.0,"[0.5538127207550358,0.4461872792449642]"
1983,0,0.0,"[0.7214132527078246,0.2785867472921754]"
1984,0,0.0,"[0.841391612649663,0.15860838735033705]"
1990,0,0.0,"[0.8026443186511729,0.19735568134882708]"
1993,0,0.0,"[0.8716378514480361,0.12836214855196404]"
1997,0,0.0,"[0.8092563630818672,0.19074363691813287]"
2006,1,0.0,"[0.5945326377946673,0.40546736220533275]"
2007,0,0.0,"[0.8896848672739963,0.11031513272600371]"
2035,0,0.0,"[0.6462496689072743,0.3537503310927257]"
2049,0,0.0,"[0.6434662784652864,0.35653372153471363]"
2052,0,0.0,"[0.5211662465444707,0.47883375345552925]"
2058,1,0.0,"[0.6483565906940916,0.3516434093059084]"
2067,0,0.0,"[0.6845936289522605,0.3154063710477394]"
2071,0,0.0,"[0.7761982805978113,0.22380171940218874]"
2073,0,0.0,"[0.7357815657606345,0.2642184342393656]"
2074,0,0.0,"[0.8453963119211836,0.15460368807881636]"
2079,0,0.0,"[0.6333060249455635,0.3666939750544365]"
2082,0,0.0,"[0.7528172958775724,0.2471827041224275]"
2085,0,0.0,"[0.5142129241711387,0.48578707582886116]"
2092,0,0.0,"[0.6773020154092941,0.32269798459070576]"
2112,1,0.0,"[0.5805385734479565,0.4194614265520434]"
2119,0,0.0,"[0.6238237673128597,0.37617623268714023]"
2123,0,0.0,"[0.7472909553434753,0.25270904465652466]"
2125,0,0.0,"[0.7672974340867754,0.23270256591322447]"
2130,0,0.0,"[0.7420314716251086,0.25796852837489126]"
2138,0,0.0,"[0.7609617071292583,0.2390382928707418]"
2141,0,0.0,"[0.8147092987423687,0.18529070125763128]"
2146,1,0.0,"[0.8260793433117636,0.17392065668823647]"
2150,0,0.0,"[0.5752365768111681,0.4247634231888319]"
2159,0,0.0,"[0.516894326492917,0.483105673507083]"
2164,0,0.0,"[0.7063930479383691,0.2936069520616308]"
2183,1,0.0,"[0.76274410149684,0.23725589850316003]"
2184,0,0.0,"[0.7364181437327787,0.2635818562672214]"
2186,0,0.0,"[0.764800699184031,0.23519930081596896]"
2187,0,0.0,"[0.7416827781014383,0.2583172218985616]"
2188,1,0.0,"[0.5665051603228111,0.4334948396771888]"
2193,0,0.0,"[0.8683402880163966,0.13165971198360332]"
2194,0,0.0,"[0.8400712671754537,0.1599287328245463]"
2212,0,0.0,"[0.7672117617696449,0.2327882382303552]"
2215,0,0.0,"[0.7581014785614445,0.24189852143855542]"
2220,1,0.0,"[0.6303701825068927,0.3696298174931073]"
2231,0,0.0,"[0.757400426703732,0.24259957329626805]"
2239,0,0.0,"[0.8456321589163007,0.1543678410836992]"
2250,0,0.0,"[0.7958158210382759,0.20418417896172414]"
2257,0,0.0,"[0.5945252277381562,0.40547477226184386]"
2265,0,0.0,"[0.8623628512169949,0.13763714878300515]"
2279,0,0.0,"[0.7326833926331421,0.26731660736685775]"
2283,0,0.0,"[0.6927273275855956,0.3072726724144044]"
2289,0,0.0,"[0.8014365467470561,0.19856345325294383]"
2295,1,0.0,"[0.5923714093580436,0.4076285906419565]"
2297,0,0.0,"[0.6211211922601095,0.3788788077398905]"
2302,0,0.0,"[0.7398037325598232,0.26019626744017677]"
2309,0,0.0,"[0.8091898376877014,0.1908101623122986]"
2312,0,0.0,"[0.7989315174648658,0.20106848253513424]"
2319,0,0.0,"[0.6229587373984419,0.3770412626015583]"
2322,1,0.0,"[0.5067074795092922,0.4932925204907077]"
2338,0,0.0,"[0.7005473142359839,0.299452685764016]"
2341,1,0.0,"[0.5572507699657937,0.4427492300342062]"
2344,1,0.0,"[0.583304400112404,0.4166955998875959]"
2350,1,0.0,"[0.5908962517324244,0.40910374826757556]"
2351,0,0.0,"[0.6509334202101399,0.34906657978986005]"
2356,0,0.0,"[0.8339569400200489,0.16604305997995103]"
2357,1,0.0,"[0.6326539220096704,0.36734607799032953]"
2363,0,0.0,"[0.6092083505410752,0.39079164945892486]"
2367,1,0.0,"[0.6497256916412892,0.3502743083587107]"
2383,0,0.0,"[0.8118010367090293,0.18819896329097072]"
2384,0,0.0,"[0.6302581618319985,0.36974183816800155]"
2385,1,0.0,"[0.7732840039197708,0.22671599608022922]"
2393,0,0.0,"[0.8050094644934248,0.19499053550657514]"
2394,0,0.0,"[0.8240487564955882,0.17595124350441171]"
2397,0,0.0,"[0.8144438015941899,0.18555619840581009]"
2404,0,0.0,"[0.7274885029962087,0.27251149700379124]"
2405,0,0.0,"[0.5693398659921846,0.4306601340078156]"
2408,0,0.0,"[0.6200969198050224,0.37990308019497765]"
2412,1,0.0,"[0.6371875837651049,0.36281241623489513]"
2413,0,0.0,"[0.7565502218660414,0.24344977813395857]"
2414,1,0.0,"[0.6612629505575831,0.3387370494424169]"
2416,0,0.0,"[0.7307307286243263,0.26926927137567375]"
2417,0,0.0,"[0.8111093516875655,0.1888906483124346]"
2419,0,0.0,"[0.7206843934447589,0.2793156065552411]"
2421,0,0.0,"[0.7500472786188224,0.2499527213811775]"
2424,0,0.0,"[0.7868664939647392,0.2131335060352609]"
2428,0,0.0,"[0.6386214591604678,0.3613785408395323]"
2433,0,0.0,"[0.5706457970649897,0.42935420293501014]"
2436,0,0.0,"[0.5402327408515526,0.45976725914844735]"
2438,0,0.0,"[0.8024850844337134,0.1975149155662867]"
2448,1,0.0,"[0.5949382146661271,0.4050617853338728]"
2451,0,0.0,"[0.7007076005669527,0.2992923994330473]"
2458,1,0.0,"[0.7077556008617484,0.2922443991382517]"
2459,0,0.0,"[0.7039309305009408,0.2960690694990592]"
2461,0,0.0,"[0.8051885893645354,0.19481141063546453]"
2485,1,0.0,"[0.5340928038088437,0.46590719619115617]"
2487,1,0.0,"[0.5518915727406024,0.4481084272593976]"
2494,0,0.0,"[0.7832021764347122,0.21679782356528776]"
2495,1,1.0,"[0.43781104896385975,0.5621889510361403]"
2496,1,0.0,"[0.6058447128600525,0.39415528713994746]"
2500,0,0.0,"[0.8385738112817575,0.16142618871824255]"
2503,0,0.0,"[0.7478449327107705,0.2521550672892295]"
2516,1,0.0,"[0.6656434690020281,0.3343565309979719]"
2518,0,0.0,"[0.83001188292412,0.16998811707588007]"
2526,0,0.0,"[0.8269716356147914,0.17302836438520872]"
2527,1,0.0,"[0.5626984621990537,0.43730153780094627]"
2533,1,0.0,"[0.7042896553879558,0.2957103446120443]"
2545,1,0.0,"[0.5859581839270589,0.41404181607294116]"
2554,0,0.0,"[0.766582322093001,0.23341767790699894]"
2555,0,0.0,"[0.6361194393651823,0.3638805606348178]"
2556,0,0.0,"[0.6155004016331439,0.3844995983668562]"
2562,0,0.0,"[0.7603959415217376,0.23960405847826227]"
2565,1,0.0,"[0.6431147192235515,0.3568852807764485]"
2573,0,0.0,"[0.6814432987059245,0.31855670129407554]"
2578,0,0.0,"[0.7573670365644303,0.24263296343556964]"
2582,0,0.0,"[0.7948698976516305,0.20513010234836948]"
2585,1,0.0,"[0.8076601966493013,0.19233980335069867]"
2586,0,0.0,"[0.71033159039768,0.28966840960232004]"
2602,1,1.0,"[0.3597839263215202,0.6402160736784798]"
2608,0,0.0,"[0.8305524080716653,0.16944759192833467]"
2610,0,0.0,"[0.6435110607253646,0.35648893927463543]"
2611,0,0.0,"[0.685309858532061,0.314690141467939]"
2614,0,0.0,"[0.8126812185500186,0.18731878144998132]"
2615,1,0.0,"[0.5542055396317186,0.44579446036828135]"
2617,0,0.0,"[0.8354594304279022,0.16454056957209795]"
2621,0,0.0,"[0.8104533941241354,0.18954660587586455]"
2628,0,0.0,"[0.7625370844905648,0.2374629155094352]"
2633,0,0.0,"[0.7714150402829637,0.2285849597170364]"
2634,0,0.0,"[0.7910763171757523,0.20892368282424778]"
2640,1,0.0,"[0.6270315903995575,0.37296840960044253]"
2641,0,0.0,"[0.780073907189937,0.2199260928100631]"
2644,0,1.0,"[0.41774141680768984,0.5822585831923102]"
2649,0,0.0,"[0.539028903261059,0.46097109673894104]"
2654,0,0.0,"[0.8607928781338526,0.13920712186614728]"
2655,0,0.0,"[0.6595981959201958,0.34040180407980425]"
2657,0,0.0,"[0.7078589408507071,0.29214105914929295]"
2658,1,1.0,"[0.45356257580117243,0.5464374241988275]"
2661,0,0.0,"[0.8253616750416878,0.17463832495831225]"
2663,0,0.0,"[0.8169654103271401,0.1830345896728599]"
2664,0,0.0,"[0.8303349978229384,0.16966500217706165]"
2672,0,0.0,"[0.5857737843809299,0.4142262156190702]"
2675,0,0.0,"[0.7268761210772188,0.27312387892278117]"
2676,0,0.0,"[0.8766645427709009,0.12333545722909905]"
2680,0,0.0,"[0.8789973725586545,0.12100262744134546]"
2682,1,0.0,"[0.648451117721438,0.351548882278562]"
2686,0,0.0,"[0.7097880870207328,0.29021191297926713]"
2687,0,0.0,"[0.7438183918472672,0.2561816081527329]"
2692,0,0.0,"[0.7823812418143079,0.21761875818569204]"
2707,1,0.0,"[0.6125902361579598,0.38740976384204007]"
2711,0,0.0,"[0.6398791781363319,0.3601208218636682]"
2716,0,0.0,"[0.8042621865381654,0.19573781346183455]"
2719,0,0.0,"[0.8602333354843532,0.13976666451564682]"
2722,1,0.0,"[0.660468969152706,0.33953103084729386]"
2724,1,0.0,"[0.6909870362994185,0.3090129637005815]"
2731,0,0.0,"[0.6596952703161281,0.340304729683872]"
2736,1,0.0,"[0.6507643225223642,0.3492356774776358]"
2752,0,0.0,"[0.8036051160726102,0.19639488392738982]"
2757,0,0.0,"[0.8441888820257386,0.1558111179742615]"
2767,0,0.0,"[0.7663899635329178,0.23361003646708228]"
2776,0,0.0,"[0.7118453070859434,0.28815469291405665]"
2777,1,0.0,"[0.6321016966437227,0.3678983033562772]"
2784,1,0.0,"[0.6308099959915575,0.36919000400844254]"
2786,0,0.0,"[0.6897418473190411,0.3102581526809588]"
2797,0,0.0,"[0.8406668822243241,0.15933311777567608]"
2802,0,0.0,"[0.8196217723555892,0.18037822764441086]"
2803,0,0.0,"[0.8586905515008942,0.1413094484991057]"
2805,0,0.0,"[0.824303125579781,0.17569687442021892]"
2819,0,0.0,"[0.7290639051819232,0.27093609481807673]"
2825,0,0.0,"[0.6868665787978862,0.31313342120211385]"
2830,0,0.0,"[0.7586452766192208,0.24135472338077932]"
2831,0,0.0,"[0.6533610527705778,0.3466389472294223]"
2847,0,0.0,"[0.6166387425320461,0.3833612574679539]"
2855,0,0.0,"[0.7382060490802734,0.26179395091972657]"
2859,1,0.0,"[0.6199596423764632,0.38004035762353683]"
2860,1,0.0,"[0.7587070488029586,0.24129295119704144]"
2862,0,0.0,"[0.7615132271636201,0.23848677283637998]"
2869,0,0.0,"[0.7772143124965829,0.2227856875034172]"
2873,0,0.0,"[0.6157468422770811,0.38425315772291896]"
2880,0,0.0,"[0.7272099574445038,0.27279004255549616]"
2883,0,0.0,"[0.6339875116118817,0.36601248838811823]"
2885,1,0.0,"[0.7326058943426833,0.2673941056573167]"
2886,1,0.0,"[0.7663010738613105,0.23369892613868945]"
2896,0,0.0,"[0.5213195227531972,0.4786804772468028]"
2906,0,0.0,"[0.5910174875576633,0.40898251244233674]"
2917,0,1.0,"[0.4738894661051205,0.5261105338948795]"
2923,1,0.0,"[0.5590496409659871,0.4409503590340129]"
2926,0,0.0,"[0.5914755306775054,0.40852446932249464]"
2945,0,0.0,"[0.6513294574751002,0.3486705425248998]"
2948,0,0.0,"[0.7889644364453622,0.21103556355463784]"
2957,0,0.0,"[0.830097994786792,0.16990200521320792]"
2961,1,0.0,"[0.7100452381960276,0.2899547618039725]"
2968,1,0.0,"[0.7873423555531808,0.2126576444468193]"
2970,0,0.0,"[0.8217367790938883,0.1782632209061118]"
2973,0,0.0,"[0.7506221222789906,0.24937787772100942]"
2978,0,0.0,"[0.5122127550660772,0.48778724493392284]"
2982,0,0.0,"[0.7246849875522361,0.2753150124477639]"
2984,0,0.0,"[0.534526732850495,0.46547326714950493]"
2985,0,0.0,"[0.7974703750669478,0.20252962493305204]"
2989,0,0.0,"[0.786666460774195,0.213333539225805]"
2995,1,0.0,"[0.5980943190349651,0.4019056809650349]"
2997,1,1.0,"[0.4881012857132236,0.5118987142867765]"
3002,0,0.0,"[0.8775515507813478,0.12244844921865222]"
3003,1,0.0,"[0.6432538679695873,0.3567461320304126]"
3004,1,0.0,"[0.5685625533921581,0.43143744660784206]"
3007,0,0.0,"[0.825991515652263,0.17400848434773702]"
3031,0,0.0,"[0.7112417325458111,0.28875826745418876]"
3032,0,0.0,"[0.6673180890005102,0.33268191099948985]"
3035,0,0.0,"[0.7713488852731232,0.22865111472687688]"
3041,0,0.0,"[0.5553658817510287,0.4446341182489713]"
3046,0,1.0,"[0.4303484802473168,0.5696515197526831]"
3053,0,0.0,"[0.870110754560643,0.12988924543935687]"
3063,0,0.0,"[0.8691377513497802,0.13086224865021984]"
3066,0,0.0,"[0.8594674320441154,0.1405325679558846]"
3068,0,0.0,"[0.8066405268000946,0.1933594731999053]"
3069,0,0.0,"[0.7572338288118207,0.2427661711881794]"
3077,0,0.0,"[0.7920036882425209,0.20799631175747918]"
3086,0,0.0,"[0.7820551265133963,0.21794487348660369]"
3087,1,0.0,"[0.6141229558872754,0.38587704411272455]"
3088,0,0.0,"[0.6712696669479148,0.32873033305208516]"
3090,0,0.0,"[0.8579793834360941,0.14202061656390588]"
3091,0,0.0,"[0.8745085792714673,0.12549142072853275]"
3100,1,0.0,"[0.7301687598877806,0.2698312401122194]"
3103,0,0.0,"[0.7003750687316181,0.29962493126838174]"
3114,0,0.0,"[0.6003609206623105,0.3996390793376895]"
3120,1,0.0,"[0.5335756054621994,0.4664243945378007]"
3128,1,0.0,"[0.6271566206194747,0.37284337938052525]"
3131,1,0.0,"[0.6859781123707717,0.3140218876292283]"
3143,0,0.0,"[0.6402849736952768,0.3597150263047231]"
3147,0,0.0,"[0.6828870905742093,0.31711290942579073]"
3148,1,1.0,"[0.4492736996395656,0.5507263003604344]"
3150,0,0.0,"[0.7237998560313513,0.2762001439686487]"
3157,0,0.0,"[0.8164393523368703,0.18356064766312977]"
3158,0,0.0,"[0.6400262082730632,0.35997379172693683]"
3168,1,0.0,"[0.782417288107456,0.21758271189254397]"
3170,0,0.0,"[0.6620538455530651,0.3379461544469349]"
3174,1,0.0,"[0.5899887972566404,0.4100112027433596]"
3182,0,0.0,"[0.7772932948880917,0.2227067051119082]"
3191,0,0.0,"[0.8364939586402572,0.16350604135974287]"
3192,1,0.0,"[0.7296987721424127,0.27030122785758726]"
3201,0,0.0,"[0.6710542706768721,0.3289457293231279]"
3216,1,0.0,"[0.6041210098100506,0.39587899018994954]"
3219,0,0.0,"[0.7654838437854365,0.23451615621456343]"
3222,1,0.0,"[0.6297118721339913,0.37028812786600873]"
3234,0,0.0,"[0.812344804645665,0.187655195354335]"
3236,1,0.0,"[0.6313525910319513,0.3686474089680487]"
3240,1,0.0,"[0.561932839862433,0.4380671601375671]"
3244,0,0.0,"[0.6263224444465396,0.3736775555534605]"
3253,1,0.0,"[0.8411433149844815,0.15885668501551845]"
3256,0,0.0,"[0.6768654656621711,0.3231345343378289]"
3258,0,0.0,"[0.73134336069749,0.26865663930251]"
3261,1,0.0,"[0.7304463911707237,0.26955360882927626]"
3262,0,0.0,"[0.7184846153179937,0.2815153846820063]"
3265,1,0.0,"[0.8385043433266627,0.16149565667333726]"
3281,1,0.0,"[0.5831988947195038,0.4168011052804961]"
3284,0,0.0,"[0.7744563373536985,0.22554366264630157]"
3287,0,0.0,"[0.8698299047642714,0.13017009523572873]"
3288,0,0.0,"[0.7291236723861757,0.27087632761382435]"
3296,1,0.0,"[0.8265068179522681,0.17349318204773195]"
3307,0,0.0,"[0.770108668593094,0.22989133140690607]"
3308,0,0.0,"[0.8290614294317001,0.1709385705682998]"
3310,1,0.0,"[0.6633902621483999,0.33660973785160014]"
3312,0,0.0,"[0.7173539662474036,0.28264603375259634]"
3317,1,0.0,"[0.7642858633005841,0.23571413669941588]"
3320,0,0.0,"[0.6946241514154411,0.30537584858455885]"
3321,0,0.0,"[0.5803361034682217,0.4196638965317783]"
3328,0,0.0,"[0.73932072510138,0.2606792748986199]"
3329,0,0.0,"[0.6513652706156771,0.34863472938432294]"
3339,1,1.0,"[0.39899756234711675,0.6010024376528833]"
3350,0,0.0,"[0.8247251372325917,0.1752748627674083]"
3356,1,0.0,"[0.686393474498536,0.313606525501464]"
3358,1,1.0,"[0.4646151303806292,0.5353848696193707]"
3361,0,0.0,"[0.8103986435013795,0.18960135649862056]"
3362,1,1.0,"[0.49861440364656917,0.5013855963534308]"
3366,1,0.0,"[0.7453162363248673,0.2546837636751326]"
3368,0,0.0,"[0.8838696449192697,0.11613035508073026]"
3369,0,0.0,"[0.8414237863032212,0.1585762136967787]"
3377,0,0.0,"[0.7151206543644393,0.28487934563556083]"
3385,0,0.0,"[0.6883632494969111,0.31163675050308903]"
3388,0,0.0,"[0.8479168777870492,0.1520831222129509]"
3390,1,0.0,"[0.5060600539170579,0.4939399460829423]"
3392,1,0.0,"[0.7960156343592472,0.20398436564075284]"
3394,0,0.0,"[0.6795694213097937,0.32043057869020625]"
3395,0,0.0,"[0.6740768140364296,0.32592318596357034]"
3401,0,0.0,"[0.7647401458237817,0.2352598541762183]"
3407,0,0.0,"[0.8695538089876124,0.13044619101238772]"
3410,1,0.0,"[0.6407449972331574,0.35925500276684263]"
3413,1,0.0,"[0.602218891325211,0.39778110867478905]"
3419,0,1.0,"[0.4984163173315819,0.5015836826684182]"
3423,0,0.0,"[0.8484711684854801,0.15152883151451993]"
3424,0,0.0,"[0.8506040278361591,0.14939597216384096]"
3427,0,0.0,"[0.7757239884495487,0.22427601155045115]"
3431,0,0.0,"[0.8155954875757543,0.18440451242424558]"
3435,0,0.0,"[0.726404343825316,0.27359565617468395]"
3439,0,0.0,"[0.5402674972452004,0.45973250275479965]"
3447,0,0.0,"[0.7644538323958879,0.23554616760411212]"
3452,0,0.0,"[0.7724171463660517,0.22758285363394823]"
3477,0,0.0,"[0.7143582971924813,0.2856417028075187]"
3479,0,0.0,"[0.634026536191527,0.36597346380847284]"
3497,1,0.0,"[0.752153579230363,0.24784642076963712]"
3498,0,0.0,"[0.7546513797347355,0.2453486202652645]"
3499,1,0.0,"[0.7778347776504145,0.22216522234958555]"
3509,1,0.0,"[0.8570523516593505,0.14294764834064944]"
3515,0,0.0,"[0.6849067863038297,0.31509321369617027]"
3518,0,0.0,"[0.7030952286260517,0.2969047713739484]"
3527,0,0.0,"[0.7016862029195169,0.2983137970804831]"
3529,0,0.0,"[0.7104169431137785,0.28958305688622155]"
3533,0,0.0,"[0.7521307826935986,0.2478692173064015]"
3536,0,0.0,"[0.7669236297548268,0.23307637024517328]"
3537,0,0.0,"[0.8330679304436723,0.16693206955632775]"
3541,1,0.0,"[0.7363616065409694,0.26363839345903073]"
3550,0,0.0,"[0.5089187061652258,0.4910812938347741]"
3559,1,0.0,"[0.5224086563128165,0.4775913436871835]"
3570,0,0.0,"[0.6520328978350101,0.3479671021649899]"
3571,1,0.0,"[0.7022895242519721,0.2977104757480278]"
3579,1,0.0,"[0.6675405589462975,0.33245944105370245]"
3583,0,0.0,"[0.8726976421579821,0.12730235784201804]"
3588,1,0.0,"[0.5243988238428298,0.4756011761571702]"
3590,1,0.0,"[0.512312358670167,0.48768764132983305]"
3594,0,0.0,"[0.6021861815922204,0.3978138184077795]"
3596,0,0.0,"[0.7295679589969452,0.27043204100305474]"
3598,1,0.0,"[0.6619328645854512,0.3380671354145488]"
3613,0,0.0,"[0.7233275137328886,0.27667248626711133]"
3618,1,1.0,"[0.4713914806517473,0.5286085193482528]"
3628,0,0.0,"[0.69371372471547,0.30628627528453]"
3631,0,0.0,"[0.7897064069522791,0.21029359304772086]"
3634,1,0.0,"[0.5697824156734168,0.4302175843265832]"
3642,0,0.0,"[0.8261286464917512,0.17387135350824878]"
3645,1,0.0,"[0.5955247474392025,0.40447525256079747]"
3652,0,0.0,"[0.5856715106556253,0.4143284893443747]"
3655,1,1.0,"[0.39322823568768345,0.6067717643123166]"
3660,0,0.0,"[0.8439745348850433,0.15602546511495663]"
3662,1,0.0,"[0.793345846775347,0.2066541532246531]"
3669,0,0.0,"[0.665411941752651,0.3345880582473491]"
3671,1,0.0,"[0.7756253461899779,0.22437465381002203]"
3682,1,0.0,"[0.5478495014646302,0.4521504985353697]"
3684,0,0.0,"[0.7456708144367109,0.25432918556328915]"
3685,0,1.0,"[0.48079619508617005,0.5192038049138299]"
3691,1,1.0,"[0.47488400301644107,0.5251159969835588]"
3700,1,0.0,"[0.8492728393664764,0.15072716063352365]"
3708,1,0.0,"[0.7451064528453406,0.2548935471546593]"
3710,1,0.0,"[0.736372886106274,0.2636271138937259]"
3719,0,0.0,"[0.7044701400498897,0.2955298599501103]"
3722,0,0.0,"[0.5542603494264391,0.44573965057356074]"
3726,1,0.0,"[0.6694706910668364,0.3305293089331636]"
3741,0,0.0,"[0.7652491427969721,0.2347508572030278]"
3745,0,0.0,"[0.8271979809029872,0.17280201909701268]"
3751,0,0.0,"[0.8134590396486849,0.1865409603513151]"
3752,0,0.0,"[0.6329972553141072,0.36700274468589283]"
3758,0,0.0,"[0.853331646149868,0.14666835385013202]"
3774,0,0.0,"[0.81059354708995,0.18940645291005004]"
3777,0,0.0,"[0.6640372427202322,0.33596275727976777]"
3779,0,0.0,"[0.5619447396662638,0.43805526033373626]"
3785,1,0.0,"[0.720300621068548,0.27969937893145214]"
3786,0,0.0,"[0.746165732394873,0.253834267605127]"
3789,0,0.0,"[0.8304896483117842,0.16951035168821574]"
3796,1,0.0,"[0.8073269150351776,0.1926730849648223]"
3800,0,0.0,"[0.7592562097521565,0.24074379024784345]"
3808,0,0.0,"[0.7143076326354492,0.2856923673645509]"
3809,0,0.0,"[0.7917470561376008,0.20825294386239912]"
3810,0,0.0,"[0.7147032515272342,0.28529674847276576]"
3814,1,0.0,"[0.6295336580224383,0.3704663419775617]"
3815,0,0.0,"[0.7668762319407897,0.23312376805921028]"
3831,1,0.0,"[0.7337846392398449,0.2662153607601551]"
3833,0,0.0,"[0.8582881174193516,0.14171188258064837]"
3834,0,0.0,"[0.6504940880895796,0.3495059119104204]"
3835,1,0.0,"[0.6646754295447252,0.33532457045527464]"
3841,0,0.0,"[0.837882643186639,0.1621173568133611]"
3846,0,0.0,"[0.7605928314055679,0.239407168594432]"
3852,0,0.0,"[0.8243295513006853,0.17567044869931464]"
3860,1,0.0,"[0.518655806702621,0.4813441932973791]"
3872,1,0.0,"[0.5868685514693707,0.4131314485306294]"
3873,0,0.0,"[0.72793799154292,0.27206200845707995]"
3876,0,0.0,"[0.609087056874562,0.39091294312543806]"
3891,1,1.0,"[0.49775998094973944,0.5022400190502606]"
3899,0,0.0,"[0.6270366962924715,0.37296330370752834]"
3914,1,0.0,"[0.7757171794264807,0.22428282057351945]"
3916,0,0.0,"[0.6457283578878359,0.354271642112164]"
3919,0,0.0,"[0.7911392652784486,0.20886073472155142]"
3927,1,0.0,"[0.7074592896391746,0.29254071036082535]"
3929,0,0.0,"[0.8421318032004713,0.15786819679952868]"
3932,1,1.0,"[0.4562031991703288,0.5437968008296711]"
3938,1,0.0,"[0.6748239293714244,0.3251760706285756]"
3947,0,0.0,"[0.7100920607421336,0.2899079392578663]"
3951,0,0.0,"[0.8465059056559769,0.15349409434402309]"
3952,0,0.0,"[0.5316578333623204,0.4683421666376794]"
3961,0,0.0,"[0.847681571646758,0.1523184283532419]"
3964,0,0.0,"[0.6594284694482266,0.3405715305517734]"
3965,0,0.0,"[0.7931222524702312,0.20687774752976879]"
3966,0,1.0,"[0.46475462344218205,0.5352453765578179]"
3983,0,0.0,"[0.7619238192832746,0.23807618071672546]"
3991,1,0.0,"[0.7811430456815318,0.21885695431846816]"
3993,1,0.0,"[0.687303534037392,0.3126964659626081]"
3994,1,0.0,"[0.5647003157339637,0.4352996842660362]"
3998,0,0.0,"[0.5377010330683246,0.4622989669316755]"
4003,0,0.0,"[0.7224280604977095,0.27757193950229053]"
4015,1,0.0,"[0.8116260581739247,0.18837394182607534]"
4016,0,0.0,"[0.8478447068525538,0.1521552931474463]"
4017,0,0.0,"[0.8359316045407698,0.16406839545923022]"
4032,1,0.0,"[0.5581391263528187,0.44186087364718135]"
4033,1,1.0,"[0.3700664650431927,0.6299335349568074]"
4035,0,0.0,"[0.6456483704996502,0.3543516295003499]"
4038,1,0.0,"[0.5546624168872154,0.4453375831127846]"
4045,0,1.0,"[0.42284256711166057,0.5771574328883394]"
4048,1,0.0,"[0.8148459200836429,0.18515407991635718]"
4056,0,0.0,"[0.794658811740991,0.20534118825900902]"
4059,0,0.0,"[0.8514421112285878,0.14855788877141207]"
4065,0,0.0,"[0.6198629750023267,0.38013702499767343]"
4070,0,0.0,"[0.7626956287471015,0.23730437125289844]"
4071,1,0.0,"[0.6296745539434344,0.37032544605656564]"
4073,1,0.0,"[0.6085128351072172,0.39148716489278274]"
4075,0,0.0,"[0.6775842071329466,0.32241579286705335]"
4079,0,0.0,"[0.6196189892477836,0.3803810107522165]"
4080,0,0.0,"[0.791744357781892,0.20825564221810794]"
4084,1,0.0,"[0.7467384610315655,0.25326153896843434]"
4089,0,0.0,"[0.7802520071119653,0.21974799288803473]"
4092,1,0.0,"[0.8143310935492089,0.1856689064507911]"
4111,1,0.0,"[0.6400404798052296,0.35995952019477057]"
4113,0,0.0,"[0.6784053717794942,0.3215946282205057]"
4120,0,0.0,"[0.735074120956867,0.2649258790431331]"
4127,0,0.0,"[0.7801710926668597,0.2198289073331403]"
4128,0,0.0,"[0.8228371508588673,0.17716284914113264]"
4129,0,0.0,"[0.5232935713481578,0.4767064286518421]"
4130,0,0.0,"[0.7861293177115378,0.2138706822884621]"
4131,0,0.0,"[0.8052314911302246,0.19476850886977543]"
4137,1,0.0,"[0.7067784237109774,0.2932215762890224]"
4147,0,0.0,"[0.5051984674460075,0.49480153255399245]"
4159,0,0.0,"[0.6611337775677186,0.33886622243228126]"
4161,0,0.0,"[0.5293497406469553,0.4706502593530448]"
4163,1,1.0,"[0.46528071609170213,0.5347192839082979]"
4167,1,1.0,"[0.4294594695359045,0.5705405304640955]"
4170,0,0.0,"[0.7653870553598083,0.23461294464019167]"
4172,0,0.0,"[0.6479166329563651,0.35208336704363485]"
4175,0,0.0,"[0.778551134557087,0.221448865442913]"
4176,0,0.0,"[0.7722336946721908,0.22776630532780914]"
4179,1,0.0,"[0.7418873374187803,0.25811266258121973]"
4180,0,0.0,"[0.8608904532751429,0.13910954672485712]"
4187,1,1.0,"[0.483939343599264,0.5160606564007361]"
4190,1,0.0,"[0.7604444278320334,0.2395555721679665]"
4192,1,0.0,"[0.7391218896930177,0.2608781103069823]"
4196,1,0.0,"[0.6936421198988719,0.30635788010112813]"
4210,0,0.0,"[0.6833659357179502,0.3166340642820498]"
4214,0,0.0,"[0.8634894185499508,0.13651058145004932]"
4219,0,0.0,"[0.7490558138493976,0.2509441861506023]"
4220,0,0.0,"[0.7832571635065111,0.2167428364934889]"
4223,0,0.0,"[0.6024580460669027,0.3975419539330973]"
4227,0,0.0,"[0.7611471712112468,0.2388528287887533]"
4229,1,1.0,"[0.48287600798232905,0.5171239920176709]"
4236,1,0.0,"[0.663334594003139,0.33666540599686096]"
4239,0,0.0,"[0.7762303018653621,0.22376969813463787]"
4246,1,0.0,"[0.5335062030640194,0.46649379693598053]"
4250,0,0.0,"[0.7461534180068994,0.25384658199310056]"
4251,1,0.0,"[0.7683267391437844,0.23167326085621573]"
4253,0,0.0,"[0.6083152130583437,0.3916847869416563]"
4256,1,0.0,"[0.5668182566494578,0.43318174335054227]"
4268,1,0.0,"[0.7748025006846937,0.2251974993153063]"
4271,0,0.0,"[0.7919461596809239,0.20805384031907614]"
4272,0,0.0,"[0.8441835731612835,0.1558164268387166]"
4274,0,0.0,"[0.716671047130451,0.283328952869549]"
4276,0,0.0,"[0.7130743450292036,0.28692565497079636]"
4282,0,0.0,"[0.7475158611936461,0.2524841388063539]"
4288,0,0.0,"[0.6977733924601588,0.30222660753984115]"
4294,0,0.0,"[0.7858154921022644,0.21418450789773547]"
4300,1,1.0,"[0.49858273686228105,0.5014172631377191]"
4302,1,0.0,"[0.8556490872781475,0.14435091272185258]"
4306,1,0.0,"[0.5557904483570388,0.44420955164296116]"
4307,0,0.0,"[0.7813313554681846,0.2186686445318154]"
4318,0,0.0,"[0.8103243848805157,0.18967561511948422]"
4319,0,0.0,"[0.6941428191423977,0.3058571808576022]"
4321,0,1.0,"[0.4915263869977294,0.5084736130022706]"
4324,1,0.0,"[0.8043467308565003,0.1956532691434998]"
4332,0,0.0,"[0.7644294779118833,0.23557052208811666]"
4337,0,0.0,"[0.7578101067230394,0.24218989327696064]"
4338,0,0.0,"[0.8459939908052811,0.15400600919471882]"
4341,1,0.0,"[0.6407278748095363,0.3592721251904637]"
4350,1,0.0,"[0.558535556947947,0.4414644430520529]"
4356,0,0.0,"[0.7737075041214451,0.226292495878555]"
4362,0,0.0,"[0.8727305783136624,0.12726942168633756]"
4366,0,0.0,"[0.8046671082282605,0.19533289177173957]"
4367,0,0.0,"[0.6734989664993648,0.32650103350063525]"
4370,0,0.0,"[0.6461015836078158,0.3538984163921843]"
4371,1,1.0,"[0.40808164681557485,0.5919183531844252]"
4376,1,0.0,"[0.5222385784831082,0.47776142151689177]"
4380,0,0.0,"[0.7614580308305559,0.23854196916944417]"
4381,1,0.0,"[0.5166457272714319,0.48335427272856807]"
4382,0,0.0,"[0.6674964326932042,0.3325035673067957]"
4389,1,0.0,"[0.7296659761092984,0.27033402389070155]"
4390,0,0.0,"[0.8093187073154918,0.19068129268450826]"
4392,1,0.0,"[0.5484559126616085,0.4515440873383916]"
4395,0,0.0,"[0.7609667694123365,0.23903323058766343]"
4402,1,0.0,"[0.5167048468139038,0.4832951531860961]"
4404,0,0.0,"[0.861942063995156,0.138057936004844]"
4406,0,0.0,"[0.8174038142160094,0.1825961857839906]"
4416,0,0.0,"[0.7353637616722561,0.26463623832774374]"
4419,1,0.0,"[0.6114429150418796,0.38855708495812025]"
4420,0,0.0,"[0.7203976476908669,0.2796023523091331]"
4425,0,0.0,"[0.7815146576278755,0.2184853423721245]"
4429,0,0.0,"[0.7634675504583887,0.23653244954161126]"
4431,0,0.0,"[0.7613497973147032,0.23865020268529677]"
4449,0,1.0,"[0.47291159494432106,0.527088405055679]"
4455,0,0.0,"[0.6757263319508561,0.32427366804914387]"
4459,0,0.0,"[0.6104217037801184,0.3895782962198815]"
4465,0,0.0,"[0.6385755037659226,0.36142449623407724]"
4472,0,0.0,"[0.7929219697367293,0.2070780302632706]"
4477,0,0.0,"[0.7608238425533606,0.23917615744663942]"
4480,1,0.0,"[0.626478121261977,0.373521878738023]"
4481,1,0.0,"[0.6418252583876208,0.3581747416123793]"
4488,1,0.0,"[0.7288708288188921,0.27112917118110796]"
4489,0,0.0,"[0.6521217846886369,0.3478782153113631]"
4502,0,0.0,"[0.7506283897796309,0.24937161022036908]"
4515,0,0.0,"[0.7259526353083716,0.2740473646916284]"
4521,0,0.0,"[0.7705282237356177,0.2294717762643822]"
4525,0,1.0,"[0.47477172904587084,0.525228270954129]"
4533,1,0.0,"[0.5375198818685981,0.462480118131402]"
4537,1,0.0,"[0.6199502513233162,0.3800497486766839]"
4539,0,1.0,"[0.4574562730898898,0.5425437269101102]"
4540,0,0.0,"[0.6993154939976957,0.3006845060023044]"
4556,0,0.0,"[0.819366547771215,0.18063345222878505]"
4564,1,0.0,"[0.665948770706361,0.33405122929363895]"
4570,0,0.0,"[0.784190462295873,0.2158095377041271]"
4574,0,0.0,"[0.7508179037444869,0.24918209625551305]"
4576,0,0.0,"[0.6070180968838895,0.39298190311611036]"
4580,1,0.0,"[0.5207458103324851,0.47925418966751476]"
4581,1,0.0,"[0.7516751943644664,0.2483248056355337]"
4585,0,0.0,"[0.7394558681392308,0.26054413186076913]"
4586,0,0.0,"[0.6748188204171383,0.32518117958286175]"
4587,1,0.0,"[0.5482619108493134,0.45173808915068653]"
4590,0,0.0,"[0.7169450275324485,0.28305497246755146]"
4591,0,0.0,"[0.5153940939716276,0.4846059060283725]"
4604,1,0.0,"[0.6683186225273369,0.3316813774726632]"
4605,0,0.0,"[0.5800230783950856,0.41997692160491445]"
4607,1,0.0,"[0.6507326048984279,0.34926739510157223]"
4613,0,0.0,"[0.7382789692791325,0.2617210307208676]"
4616,0,0.0,"[0.5973714523670691,0.40262854763293077]"
4626,0,0.0,"[0.7523631913457017,0.24763680865429819]"
4634,0,0.0,"[0.678348676302708,0.32165132369729205]"
4635,0,0.0,"[0.8031935985247091,0.1968064014752909]"
4638,1,0.0,"[0.6731084151071121,0.32689158489288794]"
4642,0,0.0,"[0.7039468509360628,0.29605314906393726]"
4643,0,0.0,"[0.7768323880235499,0.22316761197645005]"
4646,0,0.0,"[0.7891696694205478,0.21083033057945222]"
4666,0,0.0,"[0.8576487481958555,0.14235125180414462]"
4669,0,0.0,"[0.7794066473806827,0.2205933526193173]"
4670,0,0.0,"[0.8500931295231716,0.14990687047682835]"
4671,1,0.0,"[0.5558211947098888,0.44417880529011117]"
4681,0,0.0,"[0.7013575584750901,0.2986424415249099]"
4686,0,0.0,"[0.7487777340741274,0.2512222659258727]"
4689,0,1.0,"[0.43036001127110174,0.5696399887288982]"
4690,0,0.0,"[0.5918502434190512,0.40814975658094876]"
4692,0,0.0,"[0.7389445836248093,0.2610554163751907]"
4695,0,0.0,"[0.7355672000936887,0.2644327999063112]"
4696,0,0.0,"[0.8202291885703048,0.17977081142969514]"
4707,1,0.0,"[0.6588527046731212,0.3411472953268789]"
4712,0,0.0,"[0.6590130062337938,0.34098699376620634]"
4713,0,0.0,"[0.7951608666638519,0.20483913333614812]"
4718,0,0.0,"[0.8000537537509183,0.19994624624908178]"
4724,0,0.0,"[0.856223397754593,0.14377660224540711]"
4726,0,1.0,"[0.4537966377733006,0.5462033622266994]"
4732,0,0.0,"[0.8797742079986112,0.12022579200138873]"
4743,0,0.0,"[0.8485148924649869,0.15148510753501324]"
4744,0,1.0,"[0.48049879092961734,0.5195012090703827]"
4748,1,0.0,"[0.7617544779463522,0.23824552205364777]"
4749,1,0.0,"[0.5829662092515835,0.4170337907484164]"
4753,0,0.0,"[0.8732746562882486,0.12672534371175126]"
4757,0,0.0,"[0.7463784575186386,0.2536215424813613]"
4760,0,0.0,"[0.5864562738121321,0.4135437261878679]"
4766,1,0.0,"[0.5806848817865606,0.41931511821343936]"
4780,0,0.0,"[0.523076030825855,0.47692396917414487]"
4781,0,0.0,"[0.7525259862161083,0.24747401378389175]"
4783,0,0.0,"[0.7647152865987636,0.23528471340123636]"
4793,1,0.0,"[0.7735687506366158,0.22643124936338418]"
4799,0,0.0,"[0.7521244144418676,0.24787558555813244]"
4802,1,0.0,"[0.6100549778090004,0.3899450221909995]"
4803,1,0.0,"[0.6265082449204009,0.3734917550795989]"
4809,0,0.0,"[0.6055558397653787,0.39444416023462125]"
4821,1,0.0,"[0.6424260020573687,0.35757399794263134]"
4827,1,1.0,"[0.38716036840338297,0.612839631596617]"
4828,0,0.0,"[0.6183717760811585,0.38162822391884144]"
4837,0,0.0,"[0.679300236276302,0.32069976372369796]"
4838,0,0.0,"[0.653856300221291,0.3461436997787089]"
4841,0,0.0,"[0.6684666716258892,0.33153332837411076]"
4848,1,0.0,"[0.7438308126884726,0.2561691873115273]"
4858,0,0.0,"[0.5969522490830657,0.40304775091693434]"
4861,0,0.0,"[0.7293296780203585,0.27067032197964136]"
4870,0,0.0,"[0.7670681479237406,0.23293185207625952]"
4879,0,0.0,"[0.8402520778316273,0.15974792216837272]"
4886,0,0.0,"[0.6645179675876366,0.33548203241236335]"
4893,0,0.0,"[0.5253268659676636,0.47467313403233635]"
4894,1,0.0,"[0.7869781436105122,0.2130218563894878]"
4896,1,0.0,"[0.5402164927405807,0.45978350725941936]"
4913,0,0.0,"[0.7695949559228923,0.23040504407710757]"
4916,1,0.0,"[0.7152513172318817,0.2847486827681183]"
4920,0,0.0,"[0.7562515340726884,0.2437484659273115]"
4921,0,0.0,"[0.7284428201543259,0.27155717984567407]"
4927,1,1.0,"[0.4333690337789305,0.5666309662210695]"
4930,0,0.0,"[0.6525422132271238,0.34745778677287625]"
4933,0,0.0,"[0.7903924647382126,0.20960753526178733]"
4944,0,0.0,"[0.8027865257026633,0.19721347429733677]"
4947,0,0.0,"[0.8449509030285414,0.15504909697145852]"
4955,0,0.0,"[0.6707113294442563,0.3292886705557437]"
4958,0,0.0,"[0.7535780009138013,0.2464219990861987]"
4968,0,0.0,"[0.7976461644907856,0.2023538355092144]"
4972,0,0.0,"[0.823600832782764,0.17639916721723603]"
4978,0,0.0,"[0.6866213288785903,0.31337867112140966]"
4984,0,0.0,"[0.7594690853168518,0.2405309146831482]"
4989,0,0.0,"[0.7716298286260536,0.22837017137394652]"
4991,0,0.0,"[0.7680320157338472,0.2319679842661529]"
4993,0,0.0,"[0.7571103205329435,0.24288967946705653]"
4995,1,0.0,"[0.6499001054276076,0.3500998945723924]"
4996,1,0.0,"[0.5317760894729219,0.46822391052707824]"
4997,0,0.0,"[0.5992099336588791,0.40079006634112085]"
5001,1,0.0,"[0.589985705479898,0.410014294520102]"
5005,0,0.0,"[0.6537515008030211,0.34624849919697887]"
5018,1,0.0,"[0.7433507059403319,0.25664929405966797]"
5022,0,0.0,"[0.692692386703435,0.3073076132965649]"
5024,0,0.0,"[0.6724964246393332,0.3275035753606667]"
5027,0,0.0,"[0.750829222289669,0.24917077771033105]"
5028,0,0.0,"[0.7966970809705307,0.20330291902946926]"
5030,0,0.0,"[0.8095258177348074,0.19047418226519264]"
5033,0,0.0,"[0.6493529467222302,0.35064705327776985]"
5035,1,1.0,"[0.4524296755314511,0.5475703244685489]"
5038,1,0.0,"[0.7915200732839138,0.20847992671608623]"
5042,0,0.0,"[0.8534383888201056,0.14656161117989436]"
5046,1,0.0,"[0.6290253755326769,0.37097462446732316]"
5049,0,0.0,"[0.7389102216198914,0.26108977838010855]"
5059,0,0.0,"[0.8394555938809877,0.16054440611901233]"
5063,0,0.0,"[0.7200046448451038,0.27999535515489615]"
5068,0,0.0,"[0.6998559839754581,0.300144016024542]"
5074,0,0.0,"[0.703013826432105,0.29698617356789503]"
5077,1,0.0,"[0.6743465049748675,0.32565349502513247]"
5079,1,0.0,"[0.7278994890766406,0.2721005109233593]"
5089,1,0.0,"[0.5715749527087601,0.42842504729123987]"
5092,1,0.0,"[0.6919556703577097,0.3080443296422904]"
5095,0,0.0,"[0.7882584958812132,0.21174150411878667]"
5097,0,0.0,"[0.7708972665575035,0.22910273344249665]"
5099,0,0.0,"[0.7293177703621019,0.270682229637898]"
5104,0,0.0,"[0.7764029545014673,0.22359704549853252]"
5106,0,0.0,"[0.7792717186190096,0.2207282813809904]"
5108,1,0.0,"[0.6267919930088672,0.3732080069911328]"
5109,0,0.0,"[0.6634121163364876,0.33658788366351244]"
5115,0,0.0,"[0.7774873238593688,0.22251267614063125]"
5116,1,0.0,"[0.6419524423957975,0.3580475576042026]"
5131,0,0.0,"[0.7053849567194387,0.2946150432805613]"
5140,1,1.0,"[0.44870929402660237,0.5512907059733976]"
5144,0,0.0,"[0.5219778848767956,0.4780221151232043]"
5147,0,0.0,"[0.7607454252088962,0.23925457479110382]"
5148,1,0.0,"[0.5939077678784002,0.40609223212159984]"
5151,1,0.0,"[0.7222636086089436,0.27773639139105655]"
5156,0,0.0,"[0.8130604906395359,0.18693950936046416]"
5157,0,0.0,"[0.7497797964475731,0.2502202035524268]"
5160,1,0.0,"[0.5378994112061655,0.4621005887938345]"
5161,0,0.0,"[0.7547152241766102,0.24528477582338978]"
5166,0,0.0,"[0.7613294100163049,0.23867058998369498]"
5169,0,0.0,"[0.7296284746436381,0.270371525356362]"
5175,0,0.0,"[0.783174126576531,0.2168258734234691]"
5183,0,0.0,"[0.5574122791000975,0.4425877208999025]"
5197,0,0.0,"[0.7698958582282235,0.23010414177177657]"
5204,0,0.0,"[0.7678649110634749,0.23213508893652499]"
5210,0,0.0,"[0.781754944692873,0.21824505530712696]"
5216,1,0.0,"[0.5984883015144761,0.4015116984855238]"
5231,0,0.0,"[0.7286627789059615,0.27133722109403846]"
5232,0,0.0,"[0.8171841514995234,0.18281584850047655]"
5239,1,0.0,"[0.5636866387822681,0.4363133612177318]"
5242,0,0.0,"[0.6247433251087511,0.375256674891249]"
5247,0,0.0,"[0.6288918254508109,0.3711081745491892]"
5250,1,0.0,"[0.6956898155917273,0.3043101844082728]"
5253,1,0.0,"[0.7947261747898358,0.20527382521016418]"
5254,0,0.0,"[0.6991580067895653,0.3008419932104347]"
5256,1,0.0,"[0.6551898660575863,0.34481013394241367]"
5262,0,0.0,"[0.7241279013478938,0.2758720986521061]"
5264,0,0.0,"[0.7336082800411443,0.2663917199588557]"
5273,1,0.0,"[0.806114863802805,0.19388513619719502]"
5276,0,0.0,"[0.6196994210127548,0.3803005789872452]"
5310,1,0.0,"[0.7614266597591292,0.23857334024087096]"
5312,0,0.0,"[0.8094583254098722,0.1905416745901278]"
5313,1,0.0,"[0.7294976602506723,0.2705023397493277]"
5330,0,0.0,"[0.593182979661675,0.40681702033832495]"
5331,0,0.0,"[0.6877309033675949,0.31226909663240515]"
5332,0,0.0,"[0.7607023857703135,0.23929761422968657]"
5340,1,0.0,"[0.7081357401587731,0.29186425984122677]"
5366,1,0.0,"[0.5830892543687705,0.41691074563122965]"
5367,0,0.0,"[0.8254303028699919,0.1745696971300081]"
5368,0,0.0,"[0.6069079831114728,0.39309201688852724]"
5376,0,0.0,"[0.8301303751146526,0.16986962488534743]"
5379,0,0.0,"[0.8401623790616024,0.1598376209383975]"
5382,0,0.0,"[0.7453555376915549,0.2546444623084452]"
5383,0,0.0,"[0.7786376560054762,0.2213623439945239]"
5386,0,0.0,"[0.8009483948059345,0.19905160519406565]"
5390,0,0.0,"[0.8465626306506799,0.15343736934931998]"
5392,0,0.0,"[0.662121986858255,0.337878013141745]"
5401,0,0.0,"[0.8018245402581287,0.19817545974187128]"
5405,0,0.0,"[0.699837544075796,0.30016245592420404]"
5415,0,0.0,"[0.8541101354221781,0.145889864577822]"
5417,0,0.0,"[0.5539436844039979,0.4460563155960022]"
5418,0,0.0,"[0.8513409561097175,0.14865904389028245]"
5419,0,0.0,"[0.8265538073921584,0.17344619260784147]"
5424,0,0.0,"[0.7538986072677623,0.24610139273223788]"
5431,0,0.0,"[0.7821768650828853,0.21782313491711475]"
5449,0,0.0,"[0.6790013446152836,0.32099865538471645]"
5453,1,0.0,"[0.6303325743160809,0.36966742568391897]"
5459,0,0.0,"[0.6218741535594999,0.3781258464405001]"
5467,0,0.0,"[0.7457334732494484,0.2542665267505516]"
5468,1,0.0,"[0.639090319437786,0.36090968056221384]"
5469,0,0.0,"[0.7303371809078067,0.2696628190921933]"
5470,0,0.0,"[0.6083417440740084,0.3916582559259916]"
5479,0,0.0,"[0.6589603516150833,0.34103964838491685]"
5487,0,0.0,"[0.8282489569066473,0.17175104309335268]"
5493,0,0.0,"[0.7655436332983353,0.2344563667016647]"
5495,1,0.0,"[0.5711357757173721,0.4288642242826278]"
5501,0,1.0,"[0.4880277375812161,0.5119722624187839]"
5506,0,0.0,"[0.716097367029089,0.28390263297091106]"
5508,1,0.0,"[0.7488541079591583,0.25114589204084165]"
5509,0,0.0,"[0.5919233163742164,0.40807668362578364]"
5511,0,0.0,"[0.7373915568151983,0.2626084431848017]"
5512,0,0.0,"[0.8168581420704997,0.18314185792950036]"
5513,0,0.0,"[0.7826020881487169,0.21739791185128307]"
5515,1,0.0,"[0.5760693875021435,0.42393061249785646]"
5518,0,0.0,"[0.6296812687163774,0.3703187312836226]"
5523,1,0.0,"[0.7229028063360087,0.2770971936639914]"
5528,0,0.0,"[0.6293206917026765,0.3706793082973236]"
5543,1,1.0,"[0.41459466242649134,0.5854053375735087]"
5548,0,0.0,"[0.7932251752538849,0.206774824746115]"
5549,0,0.0,"[0.6759741434812035,0.32402585651879645]"
5565,1,0.0,"[0.7515521492540659,0.24844785074593417]"
5576,0,0.0,"[0.6461798567637574,0.3538201432362424]"
5578,0,0.0,"[0.836104377627516,0.16389562237248392]"
5586,0,0.0,"[0.7808048333581125,0.2191951666418876]"
5597,0,0.0,"[0.8809694690888805,0.1190305309111195]"
5598,0,0.0,"[0.5467088620477758,0.4532911379522242]"
5605,1,0.0,"[0.6135632702015574,0.38643672979844257]"
5609,1,0.0,"[0.6955766278631433,0.30442337213685666]"
5616,0,0.0,"[0.6655680150078348,0.33443198499216514]"
5621,0,0.0,"[0.7858988309522363,0.21410116904776363]"
5624,0,0.0,"[0.84660609386528,0.15339390613472006]"
5628,0,0.0,"[0.7900616810769326,0.2099383189230674]"
5631,0,0.0,"[0.7818355383221655,0.2181644616778345]"
5640,0,1.0,"[0.4905978493702845,0.5094021506297156]"
5644,1,0.0,"[0.837590835331084,0.16240916466891603]"
5645,0,0.0,"[0.7696254494937577,0.23037455050624236]"
5653,1,0.0,"[0.6385095592299396,0.36149044077006054]"
5655,0,0.0,"[0.6541074153197285,0.34589258468027145]"
5656,0,0.0,"[0.804336068110269,0.1956639318897309]"
5661,0,0.0,"[0.5825326286769501,0.41746737132305]"
5668,0,0.0,"[0.697813158487282,0.302186841512718]"
5669,0,0.0,"[0.5309369954319422,0.46906300456805783]"
5695,1,0.0,"[0.6437941826438757,0.3562058173561242]"
5699,0,0.0,"[0.7272199055804791,0.27278009441952084]"
5708,0,0.0,"[0.838509460150338,0.161490539849662]"
5724,0,0.0,"[0.8041896903285254,0.1958103096714746]"
5727,0,0.0,"[0.8036528558486804,0.19634714415131968]"
5728,0,0.0,"[0.7079476119156694,0.2920523880843306]"
5730,0,0.0,"[0.820087090084009,0.17991290991599088]"
5736,0,0.0,"[0.7687591430144471,0.2312408569855529]"
5741,1,0.0,"[0.5722701836817782,0.4277298163182219]"
5743,0,0.0,"[0.685686074313796,0.31431392568620403]"
5748,0,0.0,"[0.6136171831298912,0.3863828168701088]"
5754,0,0.0,"[0.8017576901986383,0.1982423098013618]"
5758,0,0.0,"[0.850803145478957,0.14919685452104298]"
5759,0,0.0,"[0.6792414142495846,0.3207585857504153]"
5769,1,0.0,"[0.6183416376115194,0.38165836238848067]"
5772,0,0.0,"[0.7523844762538129,0.24761552374618706]"
5787,0,0.0,"[0.7791248987434343,0.22087510125656581]"
5793,0,0.0,"[0.712701959847125,0.28729804015287497]"
5796,0,0.0,"[0.8349009236193304,0.1650990763806695]"
5809,0,0.0,"[0.7935293219606854,0.20647067803931474]"
5813,0,0.0,"[0.724784540385471,0.27521545961452887]"
5817,0,0.0,"[0.7545841984898161,0.24541580151018402]"
5826,1,0.0,"[0.5226444953425954,0.4773555046574047]"
5836,0,0.0,"[0.6393741735692702,0.3606258264307299]"
5839,0,0.0,"[0.7723420604166489,0.22765793958335115]"
5849,0,0.0,"[0.5238071157671403,0.4761928842328596]"
5851,0,0.0,"[0.6512350194064934,0.3487649805935067]"
5855,1,0.0,"[0.5867163249750533,0.4132836750249467]"
5858,0,0.0,"[0.8099420529470819,0.19005794705291812]"
5860,0,0.0,"[0.8627875382355981,0.137212461764402]"
5867,0,0.0,"[0.6491783223687946,0.35082167763120553]"
5871,0,0.0,"[0.781416619696789,0.2185833803032111]"
5874,1,0.0,"[0.7514523085974841,0.2485476914025158]"
5878,1,0.0,"[0.5069348847089719,0.49306511529102814]"
5885,0,0.0,"[0.7913562334413454,0.20864376655865471]"
5890,0,0.0,"[0.7168826809434786,0.2831173190565213]"
5902,1,0.0,"[0.602354727503336,0.397645272496664]"
5906,1,0.0,"[0.7768160461876317,0.22318395381236836]"
5907,0,0.0,"[0.7721236136592953,0.22787638634070467]"
5913,1,0.0,"[0.6667961304015327,0.33320386959846726]"
5917,1,0.0,"[0.6032980748784522,0.39670192512154784]"
5918,0,0.0,"[0.8083990251707563,0.1916009748292436]"
5921,0,0.0,"[0.7193794520685954,0.2806205479314045]"
5922,1,0.0,"[0.7071296126970912,0.2928703873029087]"
5925,1,0.0,"[0.5768792037603179,0.42312079623968213]"
5926,1,0.0,"[0.7885864656441188,0.21141353435588112]"
5931,1,1.0,"[0.46179780584094826,0.5382021941590518]"
5932,0,0.0,"[0.79500976096335,0.20499023903665006]"
5946,0,0.0,"[0.6834629098061265,0.3165370901938735]"
5953,0,0.0,"[0.7998248006154905,0.2001751993845095]"
5957,1,0.0,"[0.6657763256038242,0.33422367439617595]"
5962,0,0.0,"[0.7407726131956163,0.2592273868043837]"
5964,0,0.0,"[0.7424935745327371,0.2575064254672629]"
5969,0,0.0,"[0.5523054640643662,0.44769453593563385]"
5972,0,0.0,"[0.7674672516099186,0.23253274839008148]"
5978,0,0.0,"[0.84819856720243,0.15180143279756997]"
5979,0,0.0,"[0.5217032824538349,0.47829671754616515]"
5986,0,0.0,"[0.6985605173678331,0.30143948263216697]"
5988,0,0.0,"[0.7214860705301058,0.27851392946989423]"
5991,0,0.0,"[0.640414002900517,0.3595859970994829]"
5999,0,0.0,"[0.7546950909092095,0.24530490909079058]"
6003,1,0.0,"[0.7685486082093905,0.2314513917906094]"
6007,0,0.0,"[0.6189472535149462,0.3810527464850538]"
6011,0,0.0,"[0.7920290266053738,0.2079709733946262]"
6016,1,0.0,"[0.715924445034604,0.28407555496539605]"
6025,0,0.0,"[0.7764210682742797,0.2235789317257203]"
6032,1,0.0,"[0.7437699971967805,0.2562300028032195]"
6036,0,0.0,"[0.8180843274185464,0.18191567258145364]"
6045,0,0.0,"[0.8219546956933411,0.17804530430665885]"
6053,1,0.0,"[0.5289878309775047,0.47101216902249526]"
6055,1,0.0,"[0.6910170983294698,0.3089829016705302]"
6058,0,0.0,"[0.6456258418579419,0.35437415814205814]"
6059,1,0.0,"[0.6959431619944599,0.3040568380055402]"
6060,1,0.0,"[0.5643927292165924,0.4356072707834075]"
6067,0,0.0,"[0.8295616623925607,0.17043833760743932]"
6072,0,0.0,"[0.846177826893132,0.15382217310686788]"
6073,0,0.0,"[0.6129426515390621,0.3870573484609378]"
6079,0,0.0,"[0.6186220693856168,0.38137793061438324]"
6082,0,0.0,"[0.5984974671830202,0.4015025328169797]"
6084,1,0.0,"[0.6102962122551984,0.3897037877448017]"
6088,0,0.0,"[0.6884421072723654,0.3115578927276345]"
6099,0,0.0,"[0.5257951760183992,0.4742048239816008]"
6114,0,0.0,"[0.5844234332813433,0.41557656671865656]"
6122,0,0.0,"[0.7382590019337311,0.26174099806626894]"
6123,1,0.0,"[0.6815737809177352,0.31842621908226487]"
6128,0,0.0,"[0.70369257240194,0.29630742759806]"
6138,0,0.0,"[0.5410447802765377,0.45895521972346237]"
6139,0,0.0,"[0.5659072103019099,0.43409278969809]"
6153,1,0.0,"[0.5303615412639613,0.4696384587360388]"
6164,0,0.0,"[0.7692301598935846,0.23076984010641532]"
6169,1,1.0,"[0.49079368698828235,0.5092063130117177]"
6173,1,0.0,"[0.5443495899354711,0.45565041006452894]"
6183,0,0.0,"[0.7114973345989084,0.2885026654010916]"
6184,0,0.0,"[0.7989551889144506,0.20104481108554947]"
6187,0,0.0,"[0.7860092422464492,0.21399075775355073]"
6193,0,0.0,"[0.6930831451881565,0.3069168548118435]"
6199,0,0.0,"[0.8187906990574312,0.18120930094256876]"
6206,0,0.0,"[0.703336889437571,0.296663110562429]"
6210,0,0.0,"[0.5522138052646154,0.4477861947353846]"
6222,1,0.0,"[0.8093283972351388,0.19067160276486125]"
6230,0,0.0,"[0.7331171160720586,0.2668828839279413]"
6241,0,0.0,"[0.7448136207859203,0.2551863792140798]"
6242,0,0.0,"[0.7762067281250745,0.22379327187492545]"
6244,1,1.0,"[0.31968796600328747,0.6803120339967126]"
6254,1,0.0,"[0.6933797073060345,0.30662029269396546]"
6255,0,0.0,"[0.643292551187858,0.356707448812142]"
6256,0,0.0,"[0.5659361380358965,0.4340638619641034]"
6278,0,0.0,"[0.6054808131085291,0.39451918689147086]"
6282,0,0.0,"[0.6923205663687785,0.3076794336312217]"
6284,0,0.0,"[0.7381420182304468,0.2618579817695533]"
6289,1,0.0,"[0.7181539527676822,0.28184604723231776]"
6296,1,0.0,"[0.6240941606573982,0.3759058393426018]"
6320,0,0.0,"[0.6199084503113319,0.38009154968866815]"
6324,0,0.0,"[0.8577018558244358,0.1422981441755643]"
6325,0,0.0,"[0.5630271379014808,0.4369728620985192]"
6328,0,0.0,"[0.535084242530579,0.4649157574694209]"
6331,0,0.0,"[0.7950809429368446,0.2049190570631555]"
6332,0,0.0,"[0.8745693629836533,0.12543063701634674]"
6336,0,0.0,"[0.6464405021627275,0.35355949783727253]"
6340,0,0.0,"[0.8492814639279599,0.15071853607204005]"
6343,0,0.0,"[0.8495477706095561,0.15045222939044398]"
6344,0,0.0,"[0.8638197532462017,0.13618024675379825]"
6358,0,0.0,"[0.6785859239204328,0.3214140760795672]"
6370,0,0.0,"[0.7173177518891046,0.2826822481108955]"
6372,1,0.0,"[0.7394625686506233,0.2605374313493767]"
6374,1,0.0,"[0.700977018892635,0.2990229811073651]"
6375,0,0.0,"[0.7223621967454142,0.2776378032545858]"
6387,1,0.0,"[0.7682317000201202,0.23176829997987977]"
6390,0,0.0,"[0.8711445826465863,0.12885541735341366]"
6393,1,0.0,"[0.613889615571889,0.38611038442811096]"
6397,1,0.0,"[0.6434760400109063,0.35652395998909386]"
6402,0,0.0,"[0.5923382454875353,0.4076617545124648]"
6409,0,0.0,"[0.829548572847479,0.170451427152521]"
6410,1,0.0,"[0.6110562506356119,0.38894374936438797]"
6412,0,0.0,"[0.6067481982524578,0.39325180174754204]"
6413,0,0.0,"[0.5731122225902016,0.4268877774097984]"
6418,0,0.0,"[0.7074251267332349,0.29257487326676523]"
6444,0,0.0,"[0.8559422766401829,0.14405772335981715]"
6445,0,0.0,"[0.8172942917254894,0.1827057082745105]"
6453,0,0.0,"[0.5372319480488985,0.4627680519511016]"
6457,1,0.0,"[0.7592699126585398,0.24073008734146006]"
6458,0,0.0,"[0.7579353232516527,0.24206467674834728]"
6462,0,0.0,"[0.7721168355137973,0.22788316448620274]"
6466,1,0.0,"[0.7356559883846259,0.2643440116153742]"
6469,0,0.0,"[0.8141378192472061,0.18586218075279398]"
6472,0,0.0,"[0.6119011558893644,0.3880988441106355]"
6476,0,0.0,"[0.5632119511854604,0.43678804881453953]"
6482,0,1.0,"[0.4910028967242101,0.5089971032757898]"
6484,0,0.0,"[0.8225819032256654,0.1774180967743346]"
6489,1,0.0,"[0.7213494674338953,0.27865053256610467]"
6497,0,0.0,"[0.691553573767364,0.30844642623263596]"
6501,0,0.0,"[0.7052633168804289,0.29473668311957124]"
6512,0,1.0,"[0.4974380058989508,0.5025619941010492]"
6515,0,0.0,"[0.7836148611569772,0.21638513884302293]"
6530,0,0.0,"[0.8285694057774355,0.17143059422256454]"
6531,0,1.0,"[0.4709944798748823,0.5290055201251177]"
6536,1,0.0,"[0.6328734127467679,0.36712658725323216]"
6539,0,0.0,"[0.6433871425292668,0.3566128574707332]"
6542,0,0.0,"[0.5779459249449073,0.42205407505509274]"
6543,0,0.0,"[0.8385326382272994,0.16146736177270046]"
6545,1,0.0,"[0.7057946727789205,0.2942053272210795]"
6551,1,0.0,"[0.7209876954760861,0.27901230452391385]"
6560,1,1.0,"[0.4562589297787287,0.5437410702212714]"
6566,0,0.0,"[0.57966026167346,0.4203397383265401]"
6574,1,0.0,"[0.6751888432939867,0.32481115670601335]"
6577,0,0.0,"[0.736236699909496,0.263763300090504]"
6584,0,0.0,"[0.6640391377886488,0.33596086221135113]"
6590,1,0.0,"[0.6839206911027982,0.316079308897202]"
6593,0,0.0,"[0.8377934154215236,0.16220658457847636]"
6594,0,0.0,"[0.8609906181022804,0.13900938189771955]"
6595,0,0.0,"[0.7116352454725754,0.2883647545274247]"
6596,0,0.0,"[0.5220059169022911,0.4779940830977088]"
6605,1,0.0,"[0.6092667992666366,0.3907332007333633]"
6606,0,0.0,"[0.7008024654492683,0.2991975345507318]"
6608,0,0.0,"[0.6080581329617037,0.39194186703829637]"
6611,1,0.0,"[0.623089733635198,0.37691026636480196]"
6621,0,0.0,"[0.6172279095971437,0.3827720904028562]"
6625,0,0.0,"[0.837178745320716,0.1628212546792839]"
6629,0,0.0,"[0.6342534242213304,0.3657465757786696]"
6635,0,0.0,"[0.6694605323423825,0.33053946765761755]"
6636,0,0.0,"[0.7270759724648828,0.2729240275351172]"
6651,1,0.0,"[0.5455542614322794,0.45444573856772064]"
6653,1,0.0,"[0.6678972361045664,0.3321027638954336]"
6665,1,0.0,"[0.6592572946129652,0.34074270538703477]"
6674,0,0.0,"[0.7963876759811561,0.20361232401884383]"
6679,0,0.0,"[0.7673761051089084,0.2326238948910916]"
6680,0,0.0,"[0.5832792900840171,0.41672070991598287]"
6688,1,0.0,"[0.5632456123512253,0.43675438764877467]"
6693,0,0.0,"[0.6084181257079162,0.39158187429208385]"
6696,0,0.0,"[0.6949599402430685,0.30504005975693155]"
6700,0,0.0,"[0.8655069646734869,0.13449303532651316]"
6705,0,0.0,"[0.7395742535166598,0.26042574648334027]"
6706,0,0.0,"[0.6210879885846389,0.378912011415361]"
6715,0,0.0,"[0.8223309996709578,0.17766900032904218]"
6724,1,0.0,"[0.6745167899990306,0.32548321000096936]"
6736,1,0.0,"[0.5727143145404621,0.42728568545953804]"
6741,1,0.0,"[0.6301073663094753,0.3698926336905248]"
6744,1,0.0,"[0.6487624284440346,0.3512375715559654]"
6748,0,0.0,"[0.7529049425246069,0.2470950574753931]"
6759,0,0.0,"[0.7764431251420618,0.22355687485793818]"
6771,0,0.0,"[0.7048988073112705,0.29510119268872936]"
6773,0,0.0,"[0.7915533548048725,0.20844664519512743]"
6780,0,1.0,"[0.47749512218639456,0.5225048778136054]"
6785,0,0.0,"[0.8230923479136405,0.17690765208635945]"
6793,0,0.0,"[0.7303494642857858,0.26965053571421427]"
6796,0,0.0,"[0.8226745111145498,0.1773254888854502]"
6798,0,0.0,"[0.6949148384293462,0.30508516157065385]"
6805,0,0.0,"[0.5871762351695426,0.41282376483045746]"
6812,0,0.0,"[0.7840715866744195,0.21592841332558052]"
6814,1,1.0,"[0.4818571652794168,0.5181428347205831]"
6832,0,0.0,"[0.5630262956914923,0.4369737043085076]"
6835,0,0.0,"[0.7705068511794716,0.22949314882052843]"
6838,0,0.0,"[0.8185994250071585,0.18140057499284137]"
6858,0,0.0,"[0.7550672707149236,0.2449327292850763]"
6861,0,0.0,"[0.7662696555090791,0.23373034449092084]"
6863,0,0.0,"[0.8074271036423025,0.19257289635769748]"
6868,1,0.0,"[0.6891626416749486,0.3108373583250515]"
6869,0,0.0,"[0.6514552760540994,0.3485447239459007]"
6875,0,0.0,"[0.7701181118726352,0.22988188812736468]"
6876,0,0.0,"[0.5786946905784887,0.42130530942151134]"
6884,1,0.0,"[0.6724975685004344,0.3275024314995654]"
6885,0,0.0,"[0.671735561177392,0.3282644388226081]"
6886,0,0.0,"[0.792535246514494,0.207464753485506]"
6887,0,0.0,"[0.7200169518326328,0.2799830481673673]"
6888,0,0.0,"[0.8429095955662768,0.1570904044337233]"
6896,0,0.0,"[0.8214124932840213,0.1785875067159786]"
6906,1,0.0,"[0.6048256114242312,0.39517438857576886]"
6908,0,0.0,"[0.8289541342854787,0.17104586571452138]"
6910,1,0.0,"[0.6934818498552757,0.3065181501447242]"
6931,0,0.0,"[0.8541058988197111,0.14589410118028887]"
6936,0,0.0,"[0.5357824009587464,0.4642175990412535]"
6942,0,0.0,"[0.8317691210840521,0.16823087891594785]"
6954,0,0.0,"[0.77104210036204,0.2289578996379599]"
6956,1,0.0,"[0.6455144751489288,0.35448552485107127]"
6960,0,0.0,"[0.8437638660845599,0.15623613391544022]"
6965,1,0.0,"[0.5215695816232476,0.4784304183767523]"
6966,0,0.0,"[0.6039354563711571,0.39606454362884286]"
6972,0,0.0,"[0.5550327971398944,0.4449672028601057]"
6973,0,0.0,"[0.8235821961698804,0.17641780383011965]"
6984,1,0.0,"[0.5545389508486216,0.44546104915137835]"
6985,0,0.0,"[0.844699332478141,0.15530066752185898]"
6988,0,0.0,"[0.7275027264858451,0.27249727351415476]"
6989,1,0.0,"[0.5184164561010474,0.48158354389895264]"
6996,0,0.0,"[0.7934174512172705,0.20658254878272952]"
7000,0,0.0,"[0.7513578282358001,0.24864217176419995]"
7005,0,0.0,"[0.8186689283798618,0.1813310716201381]"
7013,0,0.0,"[0.7177180236658605,0.2822819763341396]"
7015,0,1.0,"[0.45779321666877343,0.5422067833312265]"
7024,1,0.0,"[0.7208009267838814,0.27919907321611853]"
7031,0,0.0,"[0.7185242848472007,0.2814757151527993]"
7034,0,0.0,"[0.7237645097222059,0.2762354902777942]"
7035,0,0.0,"[0.8043367043415283,0.19566329565847185]"
7043,0,0.0,"[0.6502878701028407,0.3497121298971593]"
7046,0,0.0,"[0.7903727356259529,0.209627264374047]"
7053,0,0.0,"[0.6946429949230561,0.30535700507694385]"
7057,0,0.0,"[0.695671594710724,0.30432840528927596]"
7058,0,0.0,"[0.5781457292806669,0.42185427071933307]"
7061,0,0.0,"[0.8284240074014935,0.17157599259850664]"
7062,0,0.0,"[0.6443815289967514,0.35561847100324856]"
7067,0,0.0,"[0.6836627822319904,0.3163372177680097]"
7073,0,0.0,"[0.5705633302718139,0.429436669728186]"
7089,0,0.0,"[0.6890487302562511,0.31095126974374887]"
7094,1,1.0,"[0.44372613941898237,0.5562738605810176]"
7096,1,0.0,"[0.6811825286900937,0.3188174713099063]"
7097,0,0.0,"[0.7724873971253345,0.2275126028746654]"
7101,0,0.0,"[0.7007448352815493,0.29925516471845065]"
7108,0,0.0,"[0.7482429163181901,0.25175708368181]"
7111,0,0.0,"[0.6801868902427191,0.3198131097572809]"
7119,1,0.0,"[0.5156593197195364,0.4843406802804637]"
7124,0,0.0,"[0.6522025352379982,0.3477974647620019]"
7131,0,0.0,"[0.7111873705705977,0.2888126294294023]"
7133,0,0.0,"[0.7168560650378609,0.28314393496213913]"
7137,0,0.0,"[0.8108229497008769,0.18917705029912313]"
7138,1,1.0,"[0.4642587102709202,0.5357412897290799]"
7147,1,0.0,"[0.7374309524293856,0.2625690475706145]"
7152,0,0.0,"[0.8128227693713543,0.18717723062864558]"
7162,1,0.0,"[0.6405532603792592,0.3594467396207408]"
7163,0,1.0,"[0.47791169982469095,0.5220883001753089]"
7168,0,0.0,"[0.6968626389342555,0.30313736106574457]"
7179,0,0.0,"[0.7918602119113223,0.20813978808867772]"
7181,0,0.0,"[0.5988481060384037,0.40115189396159645]"
7190,0,0.0,"[0.7217466120050415,0.2782533879949584]"
7198,0,0.0,"[0.7943385852090236,0.20566141479097638]"
7201,1,0.0,"[0.7547929220580301,0.24520707794196994]"
7202,0,1.0,"[0.46997951236733465,0.5300204876326653]"
7217,0,0.0,"[0.8619039630407389,0.13809603695926118]"
7233,1,0.0,"[0.7341383910637336,0.2658616089362663]"
7241,1,0.0,"[0.8598843992829528,0.14011560071704723]"
7247,0,0.0,"[0.8900383155206987,0.10996168447930128]"
7249,0,0.0,"[0.5727521711827039,0.42724782881729606]"
7256,0,0.0,"[0.8437945389007553,0.15620546109924469]"
7273,0,0.0,"[0.7035588359939073,0.2964411640060926]"
7278,0,0.0,"[0.7836633932583112,0.21633660674168884]"
7284,1,0.0,"[0.6676098092184438,0.33239019078155624]"
7288,0,0.0,"[0.8466649818870872,0.15333501811291284]"
7289,1,0.0,"[0.6521779784270398,0.3478220215729601]"
7295,0,0.0,"[0.6403037871503138,0.3596962128496861]"
7297,0,0.0,"[0.6557956791723973,0.34420432082760277]"
7298,0,0.0,"[0.8167252208374298,0.1832747791625702]"
7301,0,0.0,"[0.6490780871005244,0.35092191289947566]"
7306,0,0.0,"[0.7161205808856177,0.2838794191143823]"
7309,0,0.0,"[0.729236327770576,0.27076367222942405]"
7311,1,0.0,"[0.7040409624116291,0.29595903758837105]"
7312,1,0.0,"[0.5822457371571055,0.4177542628428946]"
7313,1,0.0,"[0.6121753991340438,0.3878246008659562]"
7314,1,1.0,"[0.4825174124086244,0.5174825875913757]"
7316,0,0.0,"[0.6021958652633794,0.3978041347366207]"
7317,0,0.0,"[0.7822402453622561,0.21775975463774377]"
7318,0,0.0,"[0.8043083409976842,0.1956916590023158]"
7320,1,0.0,"[0.691847292147143,0.30815270785285687]"
7328,1,0.0,"[0.7583800655254612,0.24161993447453872]"
7329,0,0.0,"[0.8359027068887831,0.16409729311121693]"
7339,0,0.0,"[0.66802119502365,0.3319788049763501]"
7351,0,0.0,"[0.6249670116608903,0.3750329883391096]"
7352,1,0.0,"[0.5840684000011737,0.4159315999988263]"
7355,0,0.0,"[0.8033700985823903,0.19662990141760964]"
7366,1,0.0,"[0.7225177389127938,0.2774822610872061]"
7383,0,0.0,"[0.532105838452294,0.4678941615477061]"
7390,0,1.0,"[0.49023777640393823,0.5097622235960618]"
7394,0,0.0,"[0.8178590112999703,0.1821409887000298]"
7395,0,0.0,"[0.7577713140606794,0.24222868593932054]"
7409,0,0.0,"[0.8123292494320836,0.1876707505679165]"
7412,0,0.0,"[0.7583113282337818,0.24168867176621822]"
7419,0,0.0,"[0.6032689440017228,0.39673105599827707]"
7424,0,0.0,"[0.6635027072796053,0.33649729272039475]"
7429,0,0.0,"[0.7973673234201196,0.20263267657988043]"
7436,0,0.0,"[0.8499336974841044,0.1500663025158955]"
7439,1,0.0,"[0.7174787775073282,0.2825212224926717]"
7442,0,0.0,"[0.6799786734467737,0.32002132655322624]"
7450,0,0.0,"[0.6580547188979086,0.3419452811020914]"
7454,1,0.0,"[0.5329532192217101,0.46704678077828987]"
7456,0,0.0,"[0.7371084909323338,0.26289150906766623]"
7459,0,0.0,"[0.8355927720827616,0.16440722791723836]"
7472,0,0.0,"[0.7958555253437238,0.2041444746562761]"
7480,0,0.0,"[0.7070235208623945,0.29297647913760544]"
7495,1,0.0,"[0.5497758697731796,0.45022413022682034]"
7500,0,0.0,"[0.5584185962981987,0.4415814037018014]"
7511,0,0.0,"[0.616165645522229,0.3838343544777711]"
7512,0,0.0,"[0.6742069189789279,0.325793081021072]"
7513,0,0.0,"[0.6923498201069517,0.30765017989304844]"
7519,0,0.0,"[0.7919174075477027,0.20808259245229735]"
7521,0,1.0,"[0.4529499536542033,0.5470500463457967]"
7525,0,0.0,"[0.7640379194325025,0.23596208056749746]"
7528,0,0.0,"[0.8637069990809368,0.13629300091906318]"
7536,0,0.0,"[0.7817546184734411,0.21824538152655895]"
7538,0,0.0,"[0.8437302077535089,0.15626979224649107]"
7543,0,0.0,"[0.8093892826067719,0.19061071739322816]"
7547,0,0.0,"[0.7698480697077039,0.23015193029229608]"
7554,1,0.0,"[0.8026681890341762,0.19733181096582372]"
7558,0,0.0,"[0.8080719113629297,0.1919280886370704]"
7561,0,0.0,"[0.7354575193513255,0.26454248064867436]"
7573,0,0.0,"[0.7681900449434212,0.2318099550565788]"
7580,1,0.0,"[0.68852595555952,0.31147404444047994]"
7582,1,0.0,"[0.6029866698362738,0.3970133301637262]"
7586,1,0.0,"[0.758548507874986,0.24145149212501404]"
7587,0,0.0,"[0.7546408248632215,0.2453591751367786]"
7592,0,0.0,"[0.5550964096481972,0.4449035903518028]"
7599,0,0.0,"[0.5588728085942279,0.44112719140577206]"
7601,1,0.0,"[0.7422070620678458,0.25779293793215413]"
7611,0,0.0,"[0.6778930078765674,0.3221069921234327]"
7622,0,0.0,"[0.8603754830220184,0.13962451697798167]"
7626,1,1.0,"[0.4676589260328223,0.5323410739671779]"
7639,1,0.0,"[0.6587841001464633,0.34121589985353684]"
7642,1,0.0,"[0.7588163235009462,0.24118367649905395]"
7645,0,0.0,"[0.8786349281768376,0.12136507182316236]"
7648,0,0.0,"[0.7217528506539072,0.27824714934609285]"
7649,0,0.0,"[0.6706482362198708,0.3293517637801291]"
7650,1,0.0,"[0.7639491206786795,0.23605087932132054]"
7654,0,0.0,"[0.6683972105791173,0.3316027894208827]"
7662,0,0.0,"[0.7903518290273437,0.20964817097265637]"
7668,0,0.0,"[0.8065904876549365,0.19340951234506368]"
7672,0,0.0,"[0.8122393370455179,0.18776066295448218]"
7674,0,0.0,"[0.8076857142226467,0.1923142857773534]"
7680,1,0.0,"[0.5213956798213888,0.47860432017861115]"
7691,0,0.0,"[0.7565991731651994,0.24340082683480052]"
7698,0,0.0,"[0.6088260628270195,0.39117393717298055]"
7708,1,0.0,"[0.5923218865199223,0.4076781134800777]"
7709,0,0.0,"[0.6853656580928753,0.3146343419071247]"
7717,0,0.0,"[0.8071518539094524,0.19284814609054754]"
7726,0,0.0,"[0.7247081396224903,0.2752918603775098]"
7728,1,0.0,"[0.6213715439561333,0.3786284560438668]"
7729,1,1.0,"[0.416994438641272,0.583005561358728]"
7740,0,0.0,"[0.795870440862363,0.204129559137637]"
7745,1,0.0,"[0.7650845534477849,0.23491544655221516]"
7751,0,0.0,"[0.7942872406572677,0.20571275934273228]"
7757,1,0.0,"[0.6141625996087786,0.3858374003912213]"
7764,0,0.0,"[0.8297073362806419,0.17029266371935817]"
7773,0,0.0,"[0.6218411282727556,0.37815887172724444]"
7774,0,0.0,"[0.7240362668388192,0.2759637331611809]"
7776,1,0.0,"[0.6761518742774478,0.3238481257225522]"
7779,0,0.0,"[0.7432972286006706,0.2567027713993295]"
7782,1,0.0,"[0.6655895734816721,0.3344104265183279]"
7783,0,0.0,"[0.5831435037447666,0.41685649625523336]"
7790,1,0.0,"[0.6164162988614592,0.38358370113854084]"
7791,0,0.0,"[0.7882852469871464,0.21171475301285367]"
7793,1,1.0,"[0.4619500043883291,0.5380499956116708]"
7794,0,0.0,"[0.8154762116316362,0.1845237883683638]"
7799,1,0.0,"[0.7189768721478266,0.28102312785217337]"
7801,1,0.0,"[0.7295615635173686,0.2704384364826315]"
7810,0,0.0,"[0.8555280867264276,0.1444719132735725]"
7817,0,0.0,"[0.782189343885258,0.2178106561147421]"
7820,0,0.0,"[0.792162634133352,0.20783736586664808]"
7825,1,1.0,"[0.49977049035578847,0.5002295096442116]"
7832,0,0.0,"[0.5514957237427689,0.4485042762572312]"
7835,1,0.0,"[0.7608782809690599,0.2391217190309402]"
7837,0,0.0,"[0.7947354638333712,0.20526453616662885]"
7843,0,0.0,"[0.7829125261811111,0.217087473818889]"
7849,0,0.0,"[0.7292977887153199,0.27070221128468]"
7852,0,0.0,"[0.7413152624352396,0.25868473756476035]"
7853,0,0.0,"[0.8618716539613664,0.13812834603863358]"
7859,1,0.0,"[0.7020034601887234,0.2979965398112766]"
7868,0,1.0,"[0.4648697701182714,0.5351302298817285]"
7874,0,0.0,"[0.8182379528266783,0.18176204717332173]"
7877,1,0.0,"[0.6334262477691504,0.3665737522308496]"
7879,1,0.0,"[0.6822920496852574,0.31770795031474264]"
7882,0,0.0,"[0.8026356549008556,0.19736434509914436]"
7885,0,0.0,"[0.6913222150563485,0.3086777849436516]"
7889,0,0.0,"[0.7557648039765522,0.2442351960234478]"
7903,0,0.0,"[0.7533117477943427,0.24668825220565727]"
7905,0,0.0,"[0.5698643555318693,0.4301356444681307]"
7910,0,0.0,"[0.739667308825316,0.2603326911746841]"
7912,0,0.0,"[0.6395190026358588,0.36048099736414113]"
7924,0,0.0,"[0.5840387205878402,0.41596127941215977]"
7930,0,0.0,"[0.7524464553382009,0.24755354466179913]"
7933,0,0.0,"[0.8692714848285528,0.13072851517144723]"
7941,0,0.0,"[0.8470282636329651,0.15297173636703493]"
7942,0,0.0,"[0.8590594368528214,0.1409405631471786]"
7944,0,0.0,"[0.7807860318895401,0.2192139681104599]"
7952,0,0.0,"[0.8114328463245735,0.18856715367542656]"
7967,0,0.0,"[0.7204196733214128,0.27958032667858734]"
7979,1,1.0,"[0.4540194728631455,0.5459805271368545]"
7991,1,0.0,"[0.5664561922883256,0.4335438077116744]"
7994,0,0.0,"[0.7261930148758684,0.27380698512413165]"
7997,0,0.0,"[0.6754180409203714,0.32458195907962856]"
7999,0,0.0,"[0.656372876104553,0.34362712389544714]"
8002,0,0.0,"[0.7289789698231592,0.2710210301768408]"
8003,1,0.0,"[0.8152801196564539,0.18471988034354603]"
8004,0,0.0,"[0.8386330661088304,0.16136693389116963]"
8009,0,0.0,"[0.7469316444124245,0.2530683555875755]"
8014,0,0.0,"[0.7883461184018092,0.21165388159819074]"
8018,0,0.0,"[0.7751836507029898,0.22481634929701025]"
8025,0,0.0,"[0.781910440170018,0.21808955982998204]"
8028,0,0.0,"[0.575636974907408,0.424363025092592]"
8030,1,0.0,"[0.5563407802130348,0.4436592197869651]"
8037,0,0.0,"[0.8464523481139984,0.15354765188600172]"
8038,1,0.0,"[0.7504621654948984,0.24953783450510159]"
8039,1,0.0,"[0.5893234561832059,0.4106765438167942]"
8044,0,0.0,"[0.845258950971495,0.15474104902850502]"
8051,1,0.0,"[0.7099661756046705,0.2900338243953294]"
8053,1,0.0,"[0.7460230166567918,0.2539769833432083]"
8054,0,0.0,"[0.7514072655802314,0.24859273441976862]"
8063,0,0.0,"[0.7979479272370575,0.20205207276294246]"
8077,1,0.0,"[0.5083091189515213,0.49169088104847875]"
8104,0,0.0,"[0.6354594307362099,0.3645405692637901]"
8110,0,0.0,"[0.6362029773524565,0.36379702264754354]"
8111,0,0.0,"[0.824810456431115,0.17518954356888503]"
8115,0,0.0,"[0.735370614891796,0.264629385108204]"
8118,0,0.0,"[0.670523148062177,0.3294768519378229]"
8122,1,1.0,"[0.49797951730518797,0.5020204826948121]"
8130,0,0.0,"[0.5991642450506987,0.4008357549493013]"
8134,0,0.0,"[0.8405777616777645,0.15942223832223548]"
8140,1,0.0,"[0.8331044450653309,0.1668955549346692]"
8146,0,0.0,"[0.6523729117168847,0.3476270882831153]"
8152,1,0.0,"[0.7297814949012833,0.2702185050987168]"
8154,1,1.0,"[0.4904457879496796,0.5095542120503205]"
8173,0,0.0,"[0.840310374925794,0.15968962507420612]"
8175,1,0.0,"[0.6926590281490386,0.3073409718509614]"
8178,0,0.0,"[0.7303894713840741,0.269610528615926]"
8183,0,0.0,"[0.6019791669380609,0.39802083306193925]"
8184,0,0.0,"[0.7289827841263798,0.2710172158736201]"
8197,1,0.0,"[0.5548876910665892,0.4451123089334109]"
8198,1,0.0,"[0.8289845323509536,0.1710154676490463]"
8203,1,0.0,"[0.5761954383440087,0.4238045616559914]"
8206,0,0.0,"[0.7725567716779455,0.22744322832205455]"
8208,0,0.0,"[0.5313897264632447,0.46861027353675533]"
8209,0,0.0,"[0.8057346450214465,0.19426535497855343]"
8211,1,0.0,"[0.7552111277911614,0.2447888722088385]"
8218,0,0.0,"[0.7528925348049209,0.24710746519507912]"
8219,1,0.0,"[0.8118870065073137,0.1881129934926863]"
8220,1,0.0,"[0.8151238186570428,0.18487618134295722]"
8224,1,0.0,"[0.7777021831730695,0.2222978168269305]"
8226,1,0.0,"[0.5286739773964169,0.47132602260358303]"
8235,1,0.0,"[0.6778150595696886,0.3221849404303114]"
8247,1,0.0,"[0.7085282549782017,0.29147174502179835]"
8257,1,0.0,"[0.7745569933304772,0.22544300666952277]"
8258,0,0.0,"[0.8600624739981928,0.13993752600180726]"
8263,0,0.0,"[0.8693259594812724,0.13067404051872752]"
8266,0,0.0,"[0.8529966331881588,0.1470033668118412]"
8270,1,0.0,"[0.7118216123309744,0.2881783876690256]"
8274,0,0.0,"[0.7649662244343001,0.23503377556569988]"
8281,0,0.0,"[0.7318328236256215,0.2681671763743785]"
8284,1,0.0,"[0.7699204164548974,0.23007958354510255]"
8289,1,0.0,"[0.7364459714411483,0.26355402855885174]"
8294,0,0.0,"[0.5342859492118608,0.4657140507881392]"
8297,0,0.0,"[0.6675004330504295,0.3324995669495706]"
8301,1,0.0,"[0.6550847994146293,0.34491520058537073]"
8307,0,0.0,"[0.5720245899373646,0.4279754100626355]"
8308,0,0.0,"[0.8676937934671326,0.1323062065328675]"
8310,0,0.0,"[0.6640254981007113,0.3359745018992887]"
8322,0,0.0,"[0.7266064324847861,0.273393567515214]"
8327,0,0.0,"[0.8289830384997227,0.17101696150027743]"
8329,0,0.0,"[0.6962744928572335,0.3037255071427665]"
8333,0,0.0,"[0.6208131564190155,0.3791868435809845]"
8336,1,0.0,"[0.6534299863029535,0.3465700136970466]"
8337,1,0.0,"[0.8174968441113755,0.1825031558886245]"
8343,0,0.0,"[0.7483250639159643,0.2516749360840357]"
8345,0,0.0,"[0.822766268241503,0.17723373175849702]"
8359,0,0.0,"[0.5484743594787167,0.45152564052128336]"
8360,0,0.0,"[0.6002426849227959,0.39975731507720424]"
8365,0,0.0,"[0.7431281266674887,0.2568718733325112]"
8366,0,0.0,"[0.7029864807782971,0.2970135192217029]"
8368,1,0.0,"[0.5949729221696213,0.4050270778303787]"
8374,0,0.0,"[0.7616539707237504,0.23834602927624962]"
8380,0,0.0,"[0.722442980999093,0.2775570190009069]"
8384,0,0.0,"[0.8159730888743983,0.18402691112560174]"
8385,0,0.0,"[0.7933212299137712,0.20667877008622879]"
8388,0,0.0,"[0.8496096664701068,0.15039033352989323]"
8393,0,0.0,"[0.6526098771784661,0.34739012282153403]"
8395,1,0.0,"[0.5818290657821499,0.4181709342178501]"
8397,0,0.0,"[0.6093396217531027,0.3906603782468973]"
8400,1,0.0,"[0.613898207018258,0.386101792981742]"
8405,0,0.0,"[0.7890115776954787,0.21098842230452125]"
8408,0,0.0,"[0.7328324692624212,0.2671675307375789]"
8409,1,0.0,"[0.7471311369630067,0.2528688630369934]"
8415,0,0.0,"[0.6489250353434031,0.3510749646565969]"
8420,1,0.0,"[0.518775902138733,0.48122409786126696]"
8422,0,0.0,"[0.6060864510631415,0.3939135489368584]"
8426,0,0.0,"[0.7079654457435108,0.2920345542564892]"
8438,0,0.0,"[0.7876297894064861,0.2123702105935139]"
8442,0,0.0,"[0.7187672610685875,0.28123273893141254]"
8443,0,0.0,"[0.8796714695343616,0.12032853046563843]"
8448,1,1.0,"[0.4216698970165982,0.5783301029834017]"
8451,0,0.0,"[0.6966597022427893,0.3033402977572107]"
8453,0,0.0,"[0.8402904674371791,0.15970953256282086]"
8455,0,0.0,"[0.6776613329264477,0.32233866707355235]"
8458,0,0.0,"[0.8093590951192547,0.19064090488074528]"
8465,1,0.0,"[0.6096503892609063,0.39034961073909374]"
8466,0,0.0,"[0.5190110748934408,0.4809889251065592]"
8468,0,0.0,"[0.7858467805172273,0.21415321948277266]"
8476,1,0.0,"[0.7321628908521801,0.26783710914781994]"
8479,0,0.0,"[0.8471054197941128,0.1528945802058872]"
8486,0,0.0,"[0.8582400340459402,0.14175996595405974]"
8487,0,0.0,"[0.7750651431419302,0.22493485685806974]"
8489,1,0.0,"[0.6529874058016278,0.3470125941983721]"
8490,0,0.0,"[0.7381149661311022,0.2618850338688978]"
8491,1,0.0,"[0.7242690225910069,0.275730977408993]"
8495,0,0.0,"[0.7408004790269039,0.25919952097309606]"
8497,0,0.0,"[0.6393475436433401,0.3606524563566599]"
8499,0,0.0,"[0.8112606532887714,0.18873934671122863]"
8520,0,0.0,"[0.8649009329278554,0.13509906707214467]"
8525,1,0.0,"[0.7702608127459359,0.22973918725406406]"
8527,1,0.0,"[0.56197242209421,0.43802757790579006]"
8536,0,0.0,"[0.6936860677237114,0.3063139322762886]"
8539,0,0.0,"[0.7465305752937621,0.2534694247062378]"
8552,1,0.0,"[0.5523787759744346,0.4476212240255655]"
8575,1,0.0,"[0.6712502574445125,0.3287497425554874]"
8577,0,0.0,"[0.6301982234216456,0.36980177657835445]"
8581,1,0.0,"[0.5983326673206425,0.4016673326793575]"
8594,0,0.0,"[0.7239664417421661,0.2760335582578339]"
8598,0,0.0,"[0.637548427198761,0.3624515728012389]"
8606,0,0.0,"[0.8080512981604613,0.1919487018395387]"
8607,1,0.0,"[0.7369603910119179,0.26303960898808204]"
8611,0,0.0,"[0.7467705732129466,0.2532294267870534]"
8622,0,0.0,"[0.8067670489022469,0.193232951097753]"
8624,0,0.0,"[0.8748277884315167,0.12517221156848346]"
8629,0,0.0,"[0.5341495300157865,0.4658504699842135]"
8632,0,0.0,"[0.5963473755810076,0.4036526244189924]"
8634,0,0.0,"[0.8059570970206598,0.19404290297934018]"
8636,0,0.0,"[0.5944168090842149,0.40558319091578515]"
8642,1,0.0,"[0.8588898595362745,0.14111014046372547]"
8648,1,0.0,"[0.6500286030207332,0.3499713969792669]"
8655,1,0.0,"[0.5899649276863922,0.41003507231360786]"
8663,0,0.0,"[0.6333828603024232,0.3666171396975767]"
8664,0,0.0,"[0.7525570747623185,0.24744292523768152]"
8668,0,0.0,"[0.5290832247519437,0.47091677524805625]"
8671,0,0.0,"[0.6792833832755447,0.32071661672445534]"
8672,0,0.0,"[0.7315370061942432,0.26846299380575683]"
8673,0,0.0,"[0.8505847452397657,0.1494152547602343]"
8676,0,0.0,"[0.7578143054780527,0.24218569452194727]"
8678,1,0.0,"[0.6619840937394599,0.33801590626054]"
8683,0,0.0,"[0.7341663365435267,0.26583366345647347]"
8684,0,0.0,"[0.8179658355608971,0.18203416443910292]"
8690,1,0.0,"[0.5232079585262613,0.47679204147373855]"
8691,0,0.0,"[0.7879845665952725,0.21201543340472753]"
8704,0,0.0,"[0.6530066217987143,0.34699337820128584]"
8707,1,0.0,"[0.8315509269218725,0.1684490730781275]"
8712,1,0.0,"[0.6779112015034011,0.322088798496599]"
8715,0,0.0,"[0.8180807243589819,0.18191927564101804]"
8718,0,0.0,"[0.8298904387654231,0.17010956123457688]"
8739,0,0.0,"[0.7480660586212375,0.2519339413787625]"
8745,0,0.0,"[0.7896829652634589,0.21031703473654104]"
8756,0,0.0,"[0.747770751485329,0.252229248514671]"
8757,0,0.0,"[0.8535110987456077,0.14648890125439235]"
8771,1,0.0,"[0.6747109436018522,0.3252890563981479]"
8772,0,0.0,"[0.8185337321366826,0.18146626786331743]"
8774,1,0.0,"[0.794412799854966,0.20558720014503398]"
8779,0,0.0,"[0.6949614754619773,0.3050385245380227]"
8781,1,0.0,"[0.7357146619558405,0.2642853380441596]"
8783,0,0.0,"[0.7672286369125025,0.23277136308749743]"
8785,0,0.0,"[0.6959988309613254,0.3040011690386746]"
8790,0,0.0,"[0.6942916388969222,0.3057083611030777]"
8796,0,0.0,"[0.7422805943394569,0.25771940566054313]"
8798,0,0.0,"[0.68752507128744,0.31247492871256005]"
8808,0,0.0,"[0.5557325033113157,0.44426749668868437]"
8815,0,0.0,"[0.7071213332913411,0.292878666708659]"
8824,0,0.0,"[0.582609328971431,0.41739067102856897]"
8827,0,0.0,"[0.8373660817519499,0.16263391824805007]"
8844,0,0.0,"[0.6317550090963702,0.3682449909036298]"
8866,1,0.0,"[0.7551636629653898,0.24483633703461014]"
8869,1,0.0,"[0.5434387145859036,0.4565612854140963]"
8872,1,0.0,"[0.631848206308059,0.368151793691941]"
8881,0,0.0,"[0.8421948987027418,0.15780510129725828]"
8888,1,0.0,"[0.5660614435450685,0.43393855645493157]"
8895,1,1.0,"[0.44966271182355255,0.5503372881764476]"
8896,0,0.0,"[0.6566691914476462,0.3433308085523538]"
8897,0,0.0,"[0.8452355499649812,0.15476445003501885]"
8904,0,0.0,"[0.5427063464514975,0.45729365354850254]"
8909,1,0.0,"[0.5478872782611709,0.4521127217388291]"
8910,0,0.0,"[0.6185045876030127,0.38149541239698725]"
8913,0,0.0,"[0.7709604214294772,0.22903957857052276]"
8918,0,0.0,"[0.7938715861636264,0.20612841383637365]"
8926,0,0.0,"[0.7078072443360812,0.29219275566391884]"
8929,0,0.0,"[0.6579092418671085,0.34209075813289147]"
8940,1,1.0,"[0.49039525181317345,0.5096047481868267]"
8945,0,0.0,"[0.6512025148550264,0.3487974851449736]"
8946,0,0.0,"[0.737515568800826,0.26248443119917386]"
8947,1,0.0,"[0.5813947534521529,0.41860524654784714]"
8948,0,0.0,"[0.6478055753094448,0.35219442469055523]"
8958,1,0.0,"[0.5048095767030896,0.4951904232969104]"
8971,0,0.0,"[0.7942835124033684,0.2057164875966317]"
8987,1,0.0,"[0.854537906795922,0.14546209320407805]"
8991,0,0.0,"[0.7101504225894777,0.2898495774105223]"
8992,0,0.0,"[0.8608535752118244,0.1391464247881755]"
9001,0,0.0,"[0.8172859217406367,0.1827140782593633]"
9009,0,0.0,"[0.6954897733584534,0.3045102266415467]"
9018,0,0.0,"[0.803174119027624,0.1968258809723759]"
9024,1,0.0,"[0.5314731068377518,0.46852689316224827]"
9030,1,0.0,"[0.7018100347263551,0.298189965273645]"
9040,0,0.0,"[0.6566813413307584,0.3433186586692416]"
9042,0,0.0,"[0.6660048219289391,0.33399517807106094]"
9046,0,0.0,"[0.8182251706908464,0.1817748293091535]"
9047,0,0.0,"[0.7864890939317307,0.21351090606826914]"
9049,0,0.0,"[0.8394771500531343,0.16052284994686575]"
9050,1,0.0,"[0.6426901639551204,0.35730983604487976]"
9057,0,0.0,"[0.7034968268015545,0.2965031731984456]"
9059,0,0.0,"[0.7575525498236968,0.24244745017630331]"
9065,0,0.0,"[0.6081092548994191,0.3918907451005808]"
9066,1,0.0,"[0.7589987133913315,0.24100128660866849]"
9067,0,0.0,"[0.7910224971522817,0.20897750284771832]"
9075,0,0.0,"[0.8727182292613848,0.1272817707386153]"
9077,0,0.0,"[0.6123035636373582,0.3876964363626419]"
9078,1,0.0,"[0.5518136450464676,0.4481863549535323]"
9093,0,0.0,"[0.7675233272648737,0.2324766727351263]"
9113,1,0.0,"[0.6552767804873099,0.3447232195126901]"
9114,1,1.0,"[0.427257221773601,0.5727427782263991]"
9122,0,0.0,"[0.7158154325124049,0.28418456748759524]"
9134,0,0.0,"[0.8190822899190688,0.18091771008093116]"
9136,0,0.0,"[0.8432201962715598,0.15677980372844022]"
9137,1,0.0,"[0.6321781996737,0.3678218003262999]"
9139,1,1.0,"[0.4594712045058818,0.5405287954941183]"
9140,0,0.0,"[0.7743687186315896,0.2256312813684104]"
9147,1,0.0,"[0.5859343484635299,0.4140656515364702]"
9150,0,0.0,"[0.7687216755209594,0.2312783244790406]"
9153,1,0.0,"[0.6527029909887561,0.34729700901124394]"
9159,0,0.0,"[0.5831248848322721,0.416875115167728]"
9166,1,1.0,"[0.49622403963450873,0.5037759603654913]"
9171,1,0.0,"[0.616449859893721,0.38355014010627897]"
9177,0,0.0,"[0.7642011771293186,0.23579882287068143]"
9183,1,0.0,"[0.6963209020903277,0.30367909790967224]"
9189,0,0.0,"[0.7601314117168316,0.2398685882831684]"
9190,0,0.0,"[0.7548781683303845,0.24512183166961557]"
9195,0,0.0,"[0.5761548561430508,0.42384514385694905]"
9200,0,0.0,"[0.777748481557281,0.22225151844271882]"
9204,0,0.0,"[0.8290917816137283,0.1709082183862717]"
9209,0,0.0,"[0.7929232677240104,0.20707673227598958]"
9218,1,0.0,"[0.7256574445954855,0.2743425554045144]"
9219,0,0.0,"[0.7749353749218285,0.22506462507817157]"
9220,1,0.0,"[0.5357228089799286,0.4642771910200714]"
9224,0,0.0,"[0.7061229915758153,0.29387700842418474]"
9228,0,0.0,"[0.8780316114465063,0.12196838855349375]"
9229,0,0.0,"[0.7595705982457646,0.24042940175423536]"
9230,0,0.0,"[0.5980812278168427,0.4019187721831573]"
9231,1,1.0,"[0.3878870848440143,0.6121129151559856]"
9232,1,0.0,"[0.5459324731447396,0.45406752685526036]"
9236,0,0.0,"[0.7016478365460423,0.29835216345395754]"
9250,0,0.0,"[0.5194359297114816,0.4805640702885184]"
9252,0,0.0,"[0.7906121866033845,0.20938781339661558]"
9256,0,0.0,"[0.7337250343081959,0.26627496569180403]"
9258,1,0.0,"[0.6694418769680429,0.33055812303195703]"
9262,0,0.0,"[0.8046286081905353,0.1953713918094648]"
9264,0,0.0,"[0.7683023731543678,0.2316976268456322]"
9275,1,0.0,"[0.620148082603224,0.379851917396776]"
9278,1,0.0,"[0.5738193371533948,0.4261806628466051]"
9281,0,0.0,"[0.8605032893344134,0.1394967106655866]"
9283,1,1.0,"[0.44837779879494755,0.5516222012050525]"
9284,0,0.0,"[0.7831537209487127,0.21684627905128726]"
9286,0,0.0,"[0.7592539321956487,0.24074606780435123]"
9289,1,0.0,"[0.651028379952307,0.34897162004769294]"
9301,0,0.0,"[0.8204665212000202,0.17953347879997977]"
9306,0,0.0,"[0.7294277257877709,0.2705722742122291]"
9307,1,1.0,"[0.41038703836206114,0.5896129616379389]"
9312,1,0.0,"[0.5318189061178915,0.46818109388210843]"
9319,0,0.0,"[0.7881175367482952,0.21188246325170473]"
9321,0,0.0,"[0.7970552338178815,0.20294476618211854]"
9323,0,0.0,"[0.7365359699483358,0.2634640300516642]"
9333,0,0.0,"[0.767225584747793,0.23277441525220713]"
9340,0,0.0,"[0.704754437048114,0.295245562951886]"
9356,1,0.0,"[0.8449994065679926,0.15500059343200745]"
9359,0,0.0,"[0.8441305995168559,0.15586940048314407]"
9363,0,0.0,"[0.693744766216131,0.3062552337838689]"
9364,0,0.0,"[0.6305995799738671,0.36940042002613294]"
9367,0,0.0,"[0.6819797538101505,0.31802024618984953]"
9372,0,0.0,"[0.6716404886464548,0.3283595113535452]"
9376,0,0.0,"[0.7385857235358906,0.2614142764641093]"
9378,0,0.0,"[0.7422772144554833,0.2577227855445167]"
9381,1,0.0,"[0.6984285925242292,0.30157140747577094]"
9382,0,0.0,"[0.7139763887220014,0.28602361127799864]"
9384,0,0.0,"[0.5404915836407354,0.4595084163592646]"
9393,0,0.0,"[0.6114559592137906,0.38854404078620935]"
9396,0,0.0,"[0.5326372584398197,0.4673627415601804]"
9402,0,0.0,"[0.8140697920380571,0.18593020796194284]"
9406,1,0.0,"[0.6051698480340159,0.39483015196598414]"
9408,0,0.0,"[0.6936494068359284,0.3063505931640717]"
9409,1,0.0,"[0.6279945698391879,0.37200543016081206]"
9411,0,0.0,"[0.6503679372657832,0.3496320627342168]"
9412,1,0.0,"[0.8074816802113667,0.19251831978863326]"
9414,1,0.0,"[0.7644975705159294,0.23550242948407066]"
9416,1,0.0,"[0.7591070933748738,0.2408929066251263]"
9423,1,0.0,"[0.5299914159007407,0.4700085840992593]"
9425,1,0.0,"[0.6494902279784165,0.35050977202158345]"
9426,0,0.0,"[0.6265643937833074,0.37343560621669253]"
9430,0,1.0,"[0.48136842907724836,0.5186315709227516]"
9447,1,0.0,"[0.6310677678368984,0.36893223216310156]"
9451,1,0.0,"[0.5577729772819234,0.44222702271807646]"
9478,1,0.0,"[0.8155972929079153,0.18440270709208473]"
9482,0,0.0,"[0.7439196919629301,0.25608030803706994]"
9486,1,0.0,"[0.6253144531690666,0.3746855468309333]"
9488,0,0.0,"[0.5604843465222507,0.4395156534777493]"
9493,1,0.0,"[0.6110916648483907,0.38890833515160933]"
9495,0,0.0,"[0.8138772435756266,0.18612275642437323]"
9496,0,0.0,"[0.7856835067557344,0.21431649324426563]"
9500,0,0.0,"[0.7665338191452472,0.23346618085475276]"
9503,0,0.0,"[0.8490664236470089,0.15093357635299118]"
9506,0,0.0,"[0.8464129939835104,0.15358700601648947]"
9522,0,0.0,"[0.5813121772277688,0.41868782277223127]"
9530,0,0.0,"[0.677606321472584,0.32239367852741596]"
9534,1,0.0,"[0.7113496461428765,0.2886503538571235]"
9535,0,0.0,"[0.754478686890573,0.24552131310942713]"
9537,0,0.0,"[0.7857113849207917,0.21428861507920818]"
9538,0,0.0,"[0.7720192338306682,0.22798076616933194]"
9547,0,0.0,"[0.8154837177139569,0.18451628228604303]"
9578,0,0.0,"[0.8472684197586119,0.15273158024138808]"
9582,0,0.0,"[0.8240536646200901,0.17594633537990984]"
9583,1,0.0,"[0.7284826435894779,0.2715173564105221]"
9593,1,0.0,"[0.6572048229758523,0.3427951770241477]"
9630,0,0.0,"[0.6239809167029088,0.37601908329709116]"
9637,1,1.0,"[0.3863601164729368,0.6136398835270632]"
9639,0,0.0,"[0.6014742998038798,0.3985257001961202]"
9647,0,0.0,"[0.8421582139884126,0.15784178601158735]"
9649,0,0.0,"[0.7293661214742566,0.2706338785257434]"
9652,1,0.0,"[0.686426509473991,0.313573490526009]"
9654,1,0.0,"[0.8466624023578802,0.1533375976421199]"
9659,0,0.0,"[0.8208854978057561,0.17911450219424377]"
9661,0,0.0,"[0.8043326417186752,0.19566735828132475]"
9663,0,0.0,"[0.7789480965355453,0.2210519034644547]"
9664,0,0.0,"[0.7653038071425965,0.2346961928574035]"
9666,1,0.0,"[0.7938933621399539,0.20610663786004613]"
9673,0,0.0,"[0.7729560921725642,0.22704390782743566]"
9675,1,0.0,"[0.6188282835318276,0.38117171646817244]"
9681,0,0.0,"[0.6463527168904523,0.3536472831095476]"
9684,0,0.0,"[0.687882029033238,0.31211797096676197]"
9692,1,0.0,"[0.5626675766075897,0.4373324233924103]"
9699,0,0.0,"[0.680072898215066,0.3199271017849339]"
9702,0,0.0,"[0.8036524651619323,0.19634753483806758]"
9706,1,0.0,"[0.6585638343573577,0.34143616564264223]"
9714,0,0.0,"[0.7110169508837848,0.2889830491162152]"
9716,0,0.0,"[0.68291097879224,0.3170890212077599]"
9718,0,0.0,"[0.6714034521879767,0.32859654781202324]"
9719,1,0.0,"[0.8167111640931979,0.18328883590680214]"
9722,0,0.0,"[0.7760455442668464,0.22395445573315362]"
9723,0,0.0,"[0.7503212553951328,0.24967874460486722]"
9732,1,0.0,"[0.6917184617088985,0.3082815382911015]"
9735,0,0.0,"[0.8626340645062583,0.13736593549374168]"
9740,1,1.0,"[0.3764261545694204,0.6235738454305795]"
9747,0,0.0,"[0.7171290099305034,0.2828709900694965]"
9767,1,0.0,"[0.7161115115643267,0.28388848843567327]"
9768,0,0.0,"[0.7525371010507124,0.24746289894928755]"
9772,0,0.0,"[0.7329582500398425,0.2670417499601576]"
9782,1,0.0,"[0.8006699569075941,0.19933004309240596]"
9796,0,0.0,"[0.5507085080125288,0.4492914919874712]"
9797,0,0.0,"[0.7646371772958075,0.23536282270419245]"
9815,0,0.0,"[0.6313896726330779,0.36861032736692206]"
9819,0,0.0,"[0.7147851453178481,0.28521485468215185]"
9820,0,0.0,"[0.7619371500989406,0.23806284990105933]"
9823,0,0.0,"[0.700036522043488,0.2999634779565119]"
9825,1,0.0,"[0.6710652546015238,0.32893474539847617]"
9831,0,0.0,"[0.6168008144092949,0.38319918559070515]"
9834,0,0.0,"[0.7868037669452345,0.21319623305476543]"
9836,0,0.0,"[0.7029431445430832,0.29705685545691685]"
9837,1,0.0,"[0.7722275249962792,0.22777247500372075]"
9851,0,0.0,"[0.5344108308777895,0.46558916912221054]"
9852,0,0.0,"[0.6550165436476239,0.3449834563523761]"
9855,0,0.0,"[0.6134949462156135,0.38650505378438643]"
9860,0,0.0,"[0.863924296040409,0.13607570395959093]"
9862,1,0.0,"[0.5362448370456061,0.463755162954394]"
9870,0,0.0,"[0.664188120905631,0.33581187909436905]"
9874,0,0.0,"[0.7585839352323088,0.24141606476769117]"
9880,0,1.0,"[0.4986973007395152,0.5013026992604848]"
9883,1,0.0,"[0.6622164887767111,0.3377835112232888]"
9889,0,0.0,"[0.7036635276905967,0.2963364723094033]"
9902,1,0.0,"[0.7650787427121176,0.23492125728788238]"
9910,1,0.0,"[0.5447291598522015,0.4552708401477985]"
9915,0,0.0,"[0.6768417892846597,0.3231582107153403]"
9919,0,0.0,"[0.6771769736150055,0.32282302638499444]"
9928,0,0.0,"[0.5949456871895245,0.40505431281047566]"
9929,1,0.0,"[0.6838856631452617,0.3161143368547383]"
9936,1,1.0,"[0.476187261174403,0.523812738825597]"
9942,0,0.0,"[0.6976077778277762,0.3023922221722238]"
9949,1,0.0,"[0.5944807094456755,0.40551929055432445]"
9951,1,0.0,"[0.607507457712387,0.39249254228761293]"
9952,1,0.0,"[0.5901045319325364,0.4098954680674636]"
9954,0,0.0,"[0.8560831255124175,0.14391687448758253]"
9957,1,0.0,"[0.6224602694051723,0.3775397305948277]"
9973,0,0.0,"[0.6110293119121637,0.38897068808783636]"
9976,0,0.0,"[0.8683264059884367,0.1316735940115634]"
9979,1,0.0,"[0.668993208807263,0.331006791192737]"
9981,0,0.0,"[0.7129295376014737,0.2870704623985263]"
9985,0,0.0,"[0.6744638619008989,0.32553613809910115]"
9997,0,0.0,"[0.8639910151153909,0.13600898488460905]"
10001,0,0.0,"[0.7719533784853726,0.22804662151462737]"
10002,0,0.0,"[0.7902794924592413,0.20972050754075872]"
10010,0,0.0,"[0.8502152876718149,0.14978471232818513]"
10016,0,0.0,"[0.5895482632736206,0.41045173672637947]"
10029,1,0.0,"[0.5481464519555915,0.45185354804440836]"
10031,0,0.0,"[0.8203485149070926,0.17965148509290738]"
10034,0,0.0,"[0.6741014480799379,0.325898551920062]"
10041,1,0.0,"[0.5363744604011342,0.46362553959886565]"
10045,0,0.0,"[0.6682378580463114,0.3317621419536886]"
10047,0,0.0,"[0.8089033735412827,0.1910966264587173]"
10049,0,0.0,"[0.7526811352551208,0.24731886474487919]"
10053,0,0.0,"[0.7869288291428158,0.21307117085718413]"
10057,0,0.0,"[0.822808770040862,0.17719122995913802]"
10064,0,0.0,"[0.6827838160721266,0.3172161839278735]"
10065,0,0.0,"[0.8491674075222404,0.1508325924777597]"
10068,1,0.0,"[0.5610400340940764,0.43895996590592357]"
10071,0,0.0,"[0.7193203661125244,0.2806796338874757]"
10075,0,0.0,"[0.6794633444765026,0.3205366555234975]"
10079,0,0.0,"[0.7036781117871892,0.29632188821281075]"
10080,0,0.0,"[0.6060016876207339,0.3939983123792661]"
10084,1,0.0,"[0.7226432946378878,0.2773567053621124]"
10085,0,0.0,"[0.7538893879313454,0.24611061206865462]"
10089,0,0.0,"[0.7423897228258188,0.25761027717418106]"
10095,0,0.0,"[0.7935792897334911,0.20642071026650885]"
10123,1,0.0,"[0.6302282747331706,0.36977172526682944]"
10133,0,0.0,"[0.8481380056177118,0.15186199438228826]"
10134,1,0.0,"[0.8057922719170314,0.19420772808296857]"
10138,0,0.0,"[0.7937197457845679,0.206280254215432]"
10139,0,0.0,"[0.791665800056297,0.20833419994370292]"
10142,1,0.0,"[0.6749680878489633,0.32503191215103666]"
10149,0,0.0,"[0.7679133043380412,0.23208669566195872]"
10155,0,0.0,"[0.711999278615436,0.28800072138456406]"
10162,0,0.0,"[0.8796486811157888,0.12035131888421127]"
10163,0,0.0,"[0.7002049955883961,0.2997950044116039]"
10166,0,0.0,"[0.6948559406629372,0.3051440593370627]"
10174,0,0.0,"[0.8014262624737933,0.19857373752620677]"
10175,0,0.0,"[0.7702357801113007,0.22976421988869936]"
10177,0,0.0,"[0.6180814907169765,0.38191850928302346]"
10179,1,0.0,"[0.5899023220153161,0.4100976779846839]"
10184,1,0.0,"[0.5491499192614436,0.45085008073855637]"
10188,1,0.0,"[0.6048013914107019,0.3951986085892981]"
10189,0,0.0,"[0.7107839536783076,0.2892160463216924]"
10207,0,0.0,"[0.5013560421929413,0.4986439578070589]"
10208,1,0.0,"[0.778746600754973,0.22125339924502707]"
10213,1,0.0,"[0.5589035728608371,0.44109642713916286]"
10228,0,0.0,"[0.8358781101548881,0.16412188984511178]"
10236,1,0.0,"[0.6728251742362595,0.32717482576374046]"
10238,0,0.0,"[0.8477915349801884,0.15220846501981158]"
10248,0,0.0,"[0.8617666238206478,0.13823337617935216]"
10251,0,0.0,"[0.7399716683555052,0.26002833164449485]"
10255,0,0.0,"[0.6825907281890597,0.31740927181094025]"
10257,1,0.0,"[0.7521854148861876,0.24781458511381235]"
10262,0,0.0,"[0.745826195294191,0.25417380470580897]"
10266,0,0.0,"[0.7438787720525798,0.2561212279474202]"
10274,1,0.0,"[0.5766553303117727,0.42334466968822737]"
10279,1,0.0,"[0.7626421462617681,0.23735785373823196]"
10282,1,0.0,"[0.5000864532673784,0.4999135467326215]"
10291,1,0.0,"[0.5094983821186414,0.4905016178813586]"
10297,0,0.0,"[0.6438109722060492,0.3561890277939508]"
10300,0,0.0,"[0.7476723921630477,0.25232760783695224]"
10301,0,0.0,"[0.6343923462117534,0.36560765378824667]"
10302,0,0.0,"[0.7381610577976951,0.26183894220230486]"
10309,0,0.0,"[0.6684043256863765,0.33159567431362336]"
10317,0,0.0,"[0.7703694412383808,0.22963055876161917]"
10320,1,0.0,"[0.5848833392068234,0.4151166607931765]"
10325,0,0.0,"[0.8489869758394527,0.15101302416054732]"
10332,1,0.0,"[0.8101025865005564,0.18989741349944356]"
10335,0,0.0,"[0.7520518410965612,0.24794815890343874]"
10338,0,0.0,"[0.7827045877148596,0.21729541228514043]"
10340,0,0.0,"[0.8670693222059552,0.13293067779404463]"
10345,1,0.0,"[0.8059998380393166,0.19400016196068337]"
10351,1,0.0,"[0.5387721665495636,0.46122783345043644]"
10355,1,0.0,"[0.5182788850607525,0.48172111493924746]"
10362,0,0.0,"[0.6918681759209712,0.3081318240790288]"
10367,0,0.0,"[0.8318843555265854,0.16811564447341465]"
10371,0,0.0,"[0.6340045317527594,0.3659954682472406]"
10375,0,0.0,"[0.7685741208610984,0.23142587913890167]"
10377,1,0.0,"[0.6826815999455942,0.31731840005440587]"
10380,0,0.0,"[0.7582142721027861,0.24178572789721375]"
10381,0,0.0,"[0.6318651376934584,0.36813486230654147]"
10382,1,1.0,"[0.4457759224207416,0.5542240775792584]"
10383,1,0.0,"[0.6729874339981771,0.3270125660018229]"
10385,0,0.0,"[0.7613730580494185,0.23862694195058168]"
10386,0,0.0,"[0.5247067207296783,0.4752932792703217]"
10391,0,0.0,"[0.8678153806106805,0.13218461938931944]"
10399,0,0.0,"[0.7326783814744271,0.2673216185255728]"
10405,1,0.0,"[0.8540095835412299,0.14599041645877014]"
10421,0,0.0,"[0.6971860135219898,0.30281398647801017]"
10443,0,0.0,"[0.7222596183761318,0.2777403816238682]"
10451,0,0.0,"[0.7592735414435495,0.24072645855645045]"
10455,0,0.0,"[0.7589832729040192,0.2410167270959809]"
10459,1,0.0,"[0.7425989323944888,0.25740106760551107]"
10468,0,0.0,"[0.6279169103747569,0.37208308962524317]"
10469,0,0.0,"[0.6421411913816072,0.3578588086183928]"
10470,0,0.0,"[0.5896364522747094,0.41036354772529055]"
10471,0,0.0,"[0.7835456632586825,0.21645433674131767]"
10476,0,0.0,"[0.8209191681979163,0.17908083180208362]"
10480,0,0.0,"[0.7468910457499779,0.2531089542500222]"
10485,0,0.0,"[0.7818365768029377,0.21816342319706233]"
10489,1,0.0,"[0.6890889978920287,0.31091100210797135]"
10498,0,0.0,"[0.5440041593024056,0.4559958406975942]"
10499,0,0.0,"[0.7930457678237839,0.2069542321762161]"
10509,0,0.0,"[0.8382561502645586,0.16174384973544137]"
10511,0,0.0,"[0.7573059892114833,0.24269401078851668]"
10512,1,0.0,"[0.8182297492030028,0.18177025079699713]"
10514,0,0.0,"[0.5167122513635709,0.48328774863642904]"
10516,0,0.0,"[0.7787785891326079,0.22122141086739214]"
10518,0,0.0,"[0.5873936453460235,0.41260635465397655]"
10526,0,0.0,"[0.6751503498914535,0.32484965010854644]"
10531,0,0.0,"[0.6731754907303903,0.3268245092696096]"
10533,1,0.0,"[0.6954989405672153,0.3045010594327847]"
10535,0,0.0,"[0.7460252162929526,0.25397478370704735]"
10542,0,0.0,"[0.771509370816976,0.22849062918302393]"
10545,1,0.0,"[0.7453682202911961,0.25463177970880396]"
10557,0,0.0,"[0.7226420483857683,0.27735795161423177]"
10560,1,0.0,"[0.5923151343943475,0.4076848656056526]"
10564,0,0.0,"[0.7939526222328359,0.206047377767164]"
10567,0,0.0,"[0.686229640856927,0.31377035914307305]"
10570,0,0.0,"[0.852534081046475,0.147465918953525]"
10571,0,0.0,"[0.7537688548682208,0.24623114513177924]"
10572,0,0.0,"[0.6293998348670397,0.3706001651329603]"
10579,0,0.0,"[0.8406438091332872,0.15935619086671285]"
10580,1,0.0,"[0.6574429425168162,0.34255705748318377]"
10582,1,0.0,"[0.6493024079938372,0.3506975920061627]"
10591,0,0.0,"[0.7698419198513913,0.2301580801486088]"
10594,0,0.0,"[0.819108539345766,0.18089146065423392]"
10595,0,0.0,"[0.8720298260152092,0.12797017398479085]"
10599,0,0.0,"[0.7380241366101115,0.2619758633898885]"
10606,1,1.0,"[0.3790038760044091,0.6209961239955908]"
10608,0,0.0,"[0.7290649414636045,0.27093505853639555]"
10615,1,0.0,"[0.8047212723213405,0.19527872767865948]"
10616,0,0.0,"[0.6896874231531653,0.31031257684683466]"
10625,0,0.0,"[0.6765634204080837,0.3234365795919164]"
10632,0,0.0,"[0.8697562371816125,0.13024376281838754]"
10633,0,0.0,"[0.6390573019333821,0.360942698066618]"
10641,1,0.0,"[0.7483893017698178,0.25161069823018223]"
10652,0,0.0,"[0.7845877869879072,0.21541221301209276]"
10654,1,0.0,"[0.6261692406164523,0.3738307593835478]"
10664,0,0.0,"[0.7763747100261135,0.22362528997388664]"
10669,1,1.0,"[0.47939020471459887,0.5206097952854012]"
10674,0,0.0,"[0.7914841363134882,0.20851586368651165]"
10692,0,0.0,"[0.8621575523322162,0.13784244766778378]"
10693,0,1.0,"[0.3479172208822396,0.6520827791177604]"
10722,0,0.0,"[0.7427456328501342,0.2572543671498658]"
10727,0,0.0,"[0.7428630810399616,0.2571369189600385]"
10729,0,0.0,"[0.7477133240674014,0.2522866759325984]"
10740,1,0.0,"[0.665436818044606,0.33456318195539414]"
10742,0,0.0,"[0.7574111489117267,0.24258885108827333]"
10744,1,0.0,"[0.7361723905778091,0.2638276094221909]"
10745,0,0.0,"[0.8112213468271461,0.1887786531728539]"
10749,0,1.0,"[0.44714446516645373,0.5528555348335462]"
10753,0,0.0,"[0.7864947746490661,0.21350522535093386]"
10759,1,0.0,"[0.6150799705627235,0.3849200294372765]"
10760,0,0.0,"[0.761615701990146,0.238384298009854]"
10762,0,0.0,"[0.6486172220017905,0.35138277799820955]"
10765,1,0.0,"[0.6771669047276428,0.3228330952723571]"
10767,0,0.0,"[0.7719745432531403,0.22802545674685973]"
10768,0,0.0,"[0.794497264228345,0.2055027357716551]"
10774,1,0.0,"[0.5307311774454128,0.4692688225545872]"
10779,0,0.0,"[0.7367601079247804,0.26323989207521953]"
10782,0,0.0,"[0.5886908680542454,0.4113091319457546]"
10784,0,0.0,"[0.706059534110243,0.2939404658897571]"
10785,1,0.0,"[0.6700235916250495,0.32997640837495057]"
10788,0,0.0,"[0.820489817315396,0.17951018268460403]"
10792,0,0.0,"[0.8312158035771188,0.16878419642288117]"
10794,0,0.0,"[0.6898173400513051,0.31018265994869487]"
10796,0,0.0,"[0.7385590836721541,0.2614409163278459]"
10797,1,1.0,"[0.47663412152918244,0.5233658784708175]"
10802,0,0.0,"[0.7465176965747206,0.2534823034252795]"
10803,0,0.0,"[0.7946144702215576,0.2053855297784423]"
10807,0,0.0,"[0.7343522208308102,0.26564777916918975]"
10809,0,0.0,"[0.7771555834860696,0.22284441651393028]"
10817,0,0.0,"[0.8446040892422976,0.15539591075770234]"
10820,0,0.0,"[0.7384980799915529,0.26150192000844696]"
10825,0,0.0,"[0.7569878152681556,0.24301218473184438]"
10826,0,0.0,"[0.8240715790189829,0.17592842098101708]"
10844,1,0.0,"[0.7588081652161875,0.2411918347838124]"
10852,0,0.0,"[0.7371808892763558,0.2628191107236441]"
10854,0,0.0,"[0.6828737754379813,0.31712622456201867]"
10855,0,0.0,"[0.8728439063650805,0.1271560936349195]"
10860,0,0.0,"[0.7647575792775901,0.23524242072240975]"
10867,1,0.0,"[0.771117556960907,0.228882443039093]"
10871,0,0.0,"[0.5388461858758271,0.46115381412417283]"
10876,0,0.0,"[0.7499658454212158,0.2500341545787841]"
10880,0,0.0,"[0.8005794180720823,0.19942058192791753]"
10882,0,0.0,"[0.8613688437235003,0.13863115627649975]"
10883,1,0.0,"[0.7607256455237571,0.23927435447624285]"
10885,0,0.0,"[0.6580112966667554,0.3419887033332447]"
10886,0,0.0,"[0.7159012817527204,0.28409871824727967]"
10887,0,0.0,"[0.6246289085319738,0.37537109146802633]"
10888,0,0.0,"[0.7787183015402365,0.22128169845976345]"
10900,0,0.0,"[0.6765754766200646,0.3234245233799354]"
10903,0,0.0,"[0.8336279259010295,0.16637207409897042]"
10904,0,0.0,"[0.8218394455180423,0.17816055448195756]"
10913,0,0.0,"[0.8098982614478486,0.1901017385521513]"
10915,1,0.0,"[0.7317120850437867,0.26828791495621324]"
10916,1,0.0,"[0.6740752414183762,0.32592475858162395]"
10920,1,0.0,"[0.7340677850296672,0.2659322149703328]"
10922,0,0.0,"[0.6829470494724273,0.3170529505275727]"
10927,1,0.0,"[0.5891098735853029,0.4108901264146972]"
10949,0,0.0,"[0.7338659138327073,0.26613408616729284]"
10950,0,0.0,"[0.671129777740496,0.328870222259504]"
10952,0,0.0,"[0.8100966055215092,0.18990339447849075]"
10956,0,0.0,"[0.8134467868233574,0.18655321317664275]"
10961,1,0.0,"[0.8211216985371107,0.17887830146288933]"
10963,0,0.0,"[0.8623348300087065,0.13766516999129344]"
10969,1,1.0,"[0.3482200885951595,0.6517799114048405]"
10977,1,1.0,"[0.48173973396036907,0.5182602660396308]"
10978,0,0.0,"[0.6935592786673936,0.30644072133260647]"
10979,1,0.0,"[0.5116502837325572,0.4883497162674429]"
10984,0,0.0,"[0.7148561182392486,0.28514388176075156]"
10994,0,0.0,"[0.755859677716007,0.244140322283993]"
10997,1,0.0,"[0.6221958159201748,0.37780418407982524]"
11004,0,0.0,"[0.7158676385099567,0.2841323614900434]"
11012,0,1.0,"[0.39918500352113534,0.6008149964788647]"
11024,1,0.0,"[0.7713749983074168,0.22862500169258312]"
11034,1,0.0,"[0.6760275652475992,0.32397243475240073]"
11038,0,0.0,"[0.8140466911886615,0.1859533088113385]"
11039,1,0.0,"[0.7462160348575093,0.2537839651424908]"
11041,1,0.0,"[0.8468174096651985,0.15318259033480147]"
11055,0,0.0,"[0.8018219798075461,0.1981780201924538]"
11057,0,0.0,"[0.764643028364749,0.23535697163525104]"
11062,0,0.0,"[0.6662429133466446,0.33375708665335535]"
11066,1,0.0,"[0.6120709844880177,0.3879290155119823]"
11069,0,0.0,"[0.7947787185121884,0.20522128148781169]"
11077,0,0.0,"[0.6886012417405397,0.31139875825946034]"
11081,0,0.0,"[0.7361421902990256,0.26385780970097444]"
11089,1,0.0,"[0.5817899191584862,0.4182100808415138]"
11090,1,0.0,"[0.6957466477610231,0.30425335223897676]"
11093,0,0.0,"[0.8159352458503568,0.1840647541496431]"
11094,0,0.0,"[0.5580409065799837,0.4419590934200162]"
11102,0,0.0,"[0.8306587588327172,0.1693412411672828]"
11107,0,0.0,"[0.7563875458766768,0.24361245412332314]"
11116,1,0.0,"[0.5474298629352384,0.4525701370647617]"
11121,0,0.0,"[0.8328013193785496,0.16719868062145038]"
11123,0,0.0,"[0.6509731795615228,0.3490268204384773]"
11131,0,0.0,"[0.7612042953198033,0.2387957046801967]"
11138,0,0.0,"[0.8372391652630797,0.16276083473692024]"
11139,1,0.0,"[0.8334791717781855,0.16652082822181444]"
11144,1,0.0,"[0.7177221851156321,0.2822778148843679]"
11150,1,0.0,"[0.6908217023007764,0.3091782976992235]"
11156,0,0.0,"[0.6573646133426216,0.34263538665737825]"
11158,1,0.0,"[0.600113225398475,0.39988677460152494]"
11172,0,0.0,"[0.5678275610312828,0.43217243896871715]"
11175,1,0.0,"[0.7622877062098277,0.23771229379017234]"
11178,0,0.0,"[0.7577817527029814,0.2422182472970186]"
11181,1,0.0,"[0.6448712638623237,0.3551287361376763]"
11185,0,0.0,"[0.8398295514402913,0.16017044855970883]"
11189,0,0.0,"[0.7985891366967878,0.2014108633032122]"
11193,1,0.0,"[0.5794404839190261,0.4205595160809739]"
11201,1,1.0,"[0.4143895673228067,0.5856104326771934]"
11211,0,0.0,"[0.6856056126816299,0.3143943873183701]"
11213,0,0.0,"[0.6989793787795497,0.3010206212204502]"
11218,0,0.0,"[0.8378191252654723,0.1621808747345277]"
11219,0,0.0,"[0.6919300964135388,0.30806990358646114]"
11237,1,0.0,"[0.5442898552409752,0.4557101447590248]"
11240,0,0.0,"[0.7128685821241549,0.28713141787584495]"
11252,0,0.0,"[0.5745735398230934,0.42542646017690666]"
11259,0,0.0,"[0.7825932148629953,0.2174067851370048]"
11267,1,0.0,"[0.6774605156096896,0.3225394843903104]"
11268,0,0.0,"[0.5132727114012227,0.48672728859877734]"
11281,0,0.0,"[0.8134514850447913,0.1865485149552087]"
11284,0,0.0,"[0.7028712122006328,0.2971287877993672]"
11288,0,0.0,"[0.7393537228405757,0.26064627715942434]"
11292,0,1.0,"[0.48617371631596273,0.5138262836840372]"
11293,0,0.0,"[0.724911767247114,0.27508823275288596]"
11296,0,0.0,"[0.7510127647091752,0.24898723529082475]"
11298,0,0.0,"[0.7002060458344834,0.2997939541655164]"
11307,0,0.0,"[0.71652576376959,0.28347423623041007]"
11316,0,0.0,"[0.7595504057029259,0.2404495942970742]"
11317,1,0.0,"[0.6603547447492071,0.339645255250793]"
11322,0,0.0,"[0.76521656336258,0.2347834366374199]"
11324,1,0.0,"[0.6789997707588314,0.3210002292411686]"
11325,0,0.0,"[0.7427752606338788,0.2572247393661211]"
11329,1,0.0,"[0.7073137801161646,0.2926862198838354]"
11337,1,0.0,"[0.6432982028946713,0.3567017971053286]"
11341,0,0.0,"[0.8019800558045463,0.1980199441954537]"
11360,0,0.0,"[0.7762628339081761,0.22373716609182392]"
11365,0,0.0,"[0.7970008540147071,0.20299914598529284]"
11368,0,0.0,"[0.8360954081532854,0.1639045918467147]"
11371,0,0.0,"[0.6551685837544375,0.3448314162455625]"
11373,0,0.0,"[0.6984162051729345,0.3015837948270657]"
11380,0,0.0,"[0.680874175832346,0.31912582416765395]"
11382,0,0.0,"[0.7803471543966286,0.21965284560337145]"
11384,0,0.0,"[0.7863109664082861,0.21368903359171393]"
11390,0,0.0,"[0.7993688800132127,0.20063111998678732]"
11391,0,0.0,"[0.8264783685007194,0.17352163149928068]"
11395,1,0.0,"[0.5583089106090967,0.4416910893909032]"
11397,0,0.0,"[0.7323743922072916,0.26762560779270833]"
11404,0,0.0,"[0.7995102236987855,0.20048977630121445]"
11405,0,0.0,"[0.5378121589373192,0.4621878410626809]"
11411,0,0.0,"[0.6341054413938615,0.36589455860613845]"
11413,1,0.0,"[0.589932446605142,0.41006755339485806]"
11418,0,0.0,"[0.6428935818250707,0.3571064181749292]"
11422,0,0.0,"[0.7024190553022863,0.2975809446977136]"
11424,1,1.0,"[0.32056482497106176,0.6794351750289381]"
11426,0,0.0,"[0.7927720895786834,0.20722791042131655]"
11432,0,0.0,"[0.7903756476558443,0.20962435234415566]"
11439,0,0.0,"[0.622522258469532,0.377477741530468]"
11442,0,0.0,"[0.7773857253864288,0.2226142746135712]"
11443,0,0.0,"[0.8246979906155695,0.1753020093844305]"
11450,1,0.0,"[0.8607368636203493,0.13926313637965065]"
11456,0,0.0,"[0.7401233990738652,0.25987660092613474]"
11459,0,0.0,"[0.6220892838355329,0.37791071616446725]"
11460,1,1.0,"[0.407675514496721,0.5923244855032791]"
11464,0,0.0,"[0.7750567025135499,0.22494329748645006]"
11472,1,0.0,"[0.6085709470253474,0.3914290529746526]"
11478,0,0.0,"[0.7120045471336114,0.2879954528663887]"
11480,0,0.0,"[0.6996613879088404,0.3003386120911596]"
11482,0,0.0,"[0.6915241558976543,0.30847584410234574]"
11489,1,0.0,"[0.7773164015004921,0.22268359849950792]"
11490,0,0.0,"[0.5551585728934819,0.4448414271065181]"
11494,1,0.0,"[0.5131919531229706,0.4868080468770294]"
11502,0,0.0,"[0.78878838079289,0.21121161920710985]"
11504,0,0.0,"[0.7908047375370828,0.20919526246291714]"
11506,0,0.0,"[0.6315802595920267,0.3684197404079732]"
11511,1,0.0,"[0.6721037746217746,0.3278962253782253]"
11513,1,0.0,"[0.6654751478536706,0.3345248521463295]"
11524,0,0.0,"[0.8498672008943153,0.15013279910568458]"
11536,0,0.0,"[0.8202429828580974,0.1797570171419027]"
11544,0,0.0,"[0.8102191552553066,0.18978084474469323]"
11552,1,1.0,"[0.35721720539771545,0.6427827946022845]"
11560,0,0.0,"[0.7212701660017337,0.2787298339982664]"
11561,0,0.0,"[0.7838068856474071,0.21619311435259292]"
11565,1,0.0,"[0.7992237130486449,0.2007762869513552]"
11570,1,1.0,"[0.4404909744245473,0.5595090255754528]"
11576,0,0.0,"[0.6690142549857829,0.3309857450142171]"
11580,1,0.0,"[0.7356635207368396,0.2643364792631604]"
11595,0,0.0,"[0.8524593699122455,0.14754063008775462]"
11599,0,0.0,"[0.5848640057898358,0.41513599421016434]"
11602,0,0.0,"[0.8212891811465844,0.17871081885341544]"
11612,0,0.0,"[0.7883424266215053,0.21165757337849467]"
11618,1,0.0,"[0.7782414399662592,0.22175856003374078]"
11629,1,0.0,"[0.7187164236058987,0.2812835763941012]"
11632,0,0.0,"[0.8118649422945149,0.18813505770548516]"
11640,1,0.0,"[0.53009564512049,0.46990435487951016]"
11642,0,0.0,"[0.826500860592269,0.17349913940773098]"
11644,0,0.0,"[0.6016082547884457,0.3983917452115543]"
11648,1,1.0,"[0.44888552644299806,0.5511144735570018]"
11665,1,0.0,"[0.7319268196541328,0.26807318034586713]"
11666,1,0.0,"[0.6478181232548219,0.3521818767451781]"
11670,0,0.0,"[0.7896714778628202,0.21032852213717973]"
11673,1,0.0,"[0.5109279661834509,0.48907203381654907]"
11683,0,0.0,"[0.7360308852767734,0.26396911472322654]"
11685,0,0.0,"[0.6647466867352876,0.3352533132647124]"
11692,0,0.0,"[0.8302739368758134,0.16972606312418656]"
11695,0,0.0,"[0.7522327029083439,0.24776729709165612]"
11698,0,0.0,"[0.7436893041222608,0.2563106958777392]"
11709,0,0.0,"[0.7511035423712341,0.24889645762876597]"
11711,0,0.0,"[0.8560461370861312,0.1439538629138689]"
11712,0,0.0,"[0.6457376145556923,0.3542623854443075]"
11713,0,0.0,"[0.7411040550241098,0.25889594497589014]"
11714,0,0.0,"[0.7000114776596434,0.2999885223403565]"
11716,1,0.0,"[0.63168599781528,0.3683140021847199]"
11720,1,0.0,"[0.5809633670751961,0.41903663292480386]"
11721,1,0.0,"[0.6341943108277985,0.3658056891722014]"
11735,0,0.0,"[0.7827855611042963,0.21721443889570372]"
11749,0,0.0,"[0.7612631430157077,0.23873685698429223]"
11751,1,0.0,"[0.8337088458711226,0.16629115412887735]"
11754,0,0.0,"[0.8454701781915052,0.15452982180849484]"
11768,0,0.0,"[0.7262381210470737,0.27376187895292625]"
11772,1,0.0,"[0.7534405094770225,0.24655949052297757]"
11778,1,0.0,"[0.7731227078630367,0.22687729213696334]"
11782,1,0.0,"[0.6446620586489586,0.3553379413510412]"
11792,1,0.0,"[0.8085216933449542,0.19147830665504578]"
11793,0,0.0,"[0.7200002339679258,0.2799997660320742]"
11798,0,0.0,"[0.7779826063138645,0.22201739368613563]"
11799,1,0.0,"[0.7966096404396011,0.2033903595603989]"
11802,1,0.0,"[0.745359306988355,0.25464069301164505]"
11815,0,0.0,"[0.6182377861341362,0.38176221386586384]"
11816,0,0.0,"[0.6611051270586975,0.3388948729413026]"
11826,1,0.0,"[0.6001267808565414,0.3998732191434585]"
11830,1,0.0,"[0.7036466867917143,0.29635331320828584]"
11831,0,0.0,"[0.7487212152036047,0.2512787847963953]"
11837,0,0.0,"[0.7373422623559264,0.2626577376440736]"
11840,1,0.0,"[0.5119379538842347,0.48806204611576526]"
11843,1,1.0,"[0.48286524859754376,0.5171347514024561]"
11846,0,0.0,"[0.557136443848835,0.44286355615116507]"
11848,1,0.0,"[0.6086691441085252,0.39133085589147476]"
11856,0,0.0,"[0.5930527925280642,0.4069472074719358]"
11859,0,0.0,"[0.706598060245304,0.29340193975469603]"
11864,0,0.0,"[0.7290225867412479,0.2709774132587522]"
11865,0,0.0,"[0.6402663056080857,0.35973369439191427]"
11866,1,0.0,"[0.6264253900992954,0.3735746099007046]"
11867,1,0.0,"[0.7134033528138496,0.28659664718615036]"
11868,0,0.0,"[0.7961067720223258,0.20389322797767406]"
11872,1,0.0,"[0.7067726559340397,0.29322734406596035]"
11877,0,0.0,"[0.7777597021156186,0.22224029788438146]"
11880,0,0.0,"[0.8044971536603024,0.19550284633969764]"
11884,1,0.0,"[0.7371470631680488,0.2628529368319512]"
11885,0,0.0,"[0.6442072220276395,0.3557927779723606]"
11886,0,0.0,"[0.6652087932060601,0.33479120679393987]"
11900,1,0.0,"[0.7501049749853435,0.2498950250146566]"
11904,0,0.0,"[0.7816264428657997,0.21837355713420034]"
11906,1,0.0,"[0.6565969733506231,0.343403026649377]"
11907,0,0.0,"[0.5297543904344738,0.4702456095655263]"
11912,1,0.0,"[0.6190109286961122,0.38098907130388787]"
11918,1,0.0,"[0.6820357224003418,0.3179642775996583]"
11919,0,0.0,"[0.787695936430514,0.21230406356948595]"
11921,0,0.0,"[0.8296856760009913,0.17031432399900875]"
11932,0,0.0,"[0.8170605507186809,0.18293944928131897]"
11940,0,0.0,"[0.7603836380990804,0.23961636190091956]"
11944,1,0.0,"[0.6642253427782963,0.33577465722170374]"
11945,1,0.0,"[0.7687320264446292,0.23126797355537085]"
11948,0,0.0,"[0.6544373434404239,0.34556265655957613]"
11952,0,0.0,"[0.8565899461515689,0.14341005384843117]"
11959,0,0.0,"[0.8607430461034365,0.13925695389656353]"
11960,1,0.0,"[0.7607149183639259,0.23928508163607423]"
11963,0,0.0,"[0.6630218683467216,0.33697813165327845]"
11964,0,0.0,"[0.7470583434648518,0.25294165653514833]"
11965,1,0.0,"[0.7302293629828279,0.2697706370171721]"
11970,1,0.0,"[0.8061897304709142,0.19381026952908573]"
11973,0,0.0,"[0.7354142493135422,0.26458575068645784]"
11984,0,0.0,"[0.7070156761014392,0.2929843238985609]"
11986,0,0.0,"[0.7155889024427824,0.2844110975572176]"
11996,0,0.0,"[0.5305773179545529,0.4694226820454472]"
12005,0,1.0,"[0.42721194148376024,0.5727880585162398]"
12006,0,0.0,"[0.7524712048332791,0.2475287951667208]"
12008,0,0.0,"[0.8397449587615601,0.16025504123843987]"
12017,0,0.0,"[0.7442437568695212,0.2557562431304789]"
12022,0,0.0,"[0.6665728910149052,0.3334271089850947]"
12023,0,0.0,"[0.8232337703292868,0.1767662296707132]"
12027,0,0.0,"[0.855923999761824,0.14407600023817607]"
12036,1,0.0,"[0.5332708924255544,0.46672910757444563]"
12037,0,0.0,"[0.8083015110819303,0.1916984889180697]"
12047,0,0.0,"[0.5497151560622975,0.4502848439377024]"
12053,0,0.0,"[0.7884176644948321,0.211582335505168]"
12057,0,0.0,"[0.7808898547764573,0.21911014522354266]"
12058,0,0.0,"[0.8044717079297534,0.1955282920702466]"
12059,0,0.0,"[0.8600398336651242,0.13996016633487574]"
12060,0,0.0,"[0.631692855135374,0.36830714486462607]"
12061,0,0.0,"[0.7133449168668462,0.28665508313315374]"
12067,0,0.0,"[0.7404039455896292,0.25959605441037076]"
12069,0,0.0,"[0.6774926373049548,0.32250736269504526]"
12071,0,0.0,"[0.6429149329658415,0.3570850670341586]"
12073,1,0.0,"[0.7201453220897615,0.27985467791023855]"
12077,1,0.0,"[0.5734002492397395,0.4265997507602604]"
12080,0,0.0,"[0.8363307915737547,0.1636692084262454]"
12096,1,0.0,"[0.6071291266539758,0.3928708733460242]"
12097,0,0.0,"[0.7274357320773895,0.27256426792261046]"
12100,0,0.0,"[0.6036519284666989,0.3963480715333012]"
12104,1,0.0,"[0.5862489780744862,0.4137510219255138]"
12105,0,0.0,"[0.8010846210469017,0.19891537895309835]"
12115,0,0.0,"[0.6829114461723649,0.3170885538276352]"
12117,0,0.0,"[0.7265764974031818,0.2734235025968182]"
12119,1,0.0,"[0.7745167125169712,0.22548328748302887]"
12124,1,0.0,"[0.6269378534141136,0.3730621465858863]"
12126,1,0.0,"[0.588417293238407,0.41158270676159303]"
12127,1,0.0,"[0.6884149704833921,0.3115850295166079]"
12129,0,0.0,"[0.7599151499233268,0.24008485007667313]"
12132,0,0.0,"[0.6512913980865614,0.3487086019134385]"
12139,1,0.0,"[0.8284420152700945,0.17155798472990547]"
12142,1,0.0,"[0.5127671477458225,0.48723285225417756]"
12143,0,0.0,"[0.5147095814248019,0.48529041857519806]"
12144,1,0.0,"[0.5688117560868418,0.4311882439131583]"
12145,0,0.0,"[0.7642049427219026,0.23579505727809724]"
12148,0,1.0,"[0.49576966440152914,0.5042303355984707]"
12151,0,0.0,"[0.8375737847657112,0.1624262152342888]"
12152,1,0.0,"[0.7834026733196657,0.21659732668033432]"
12162,0,0.0,"[0.7774825503151137,0.22251744968488626]"
12165,0,0.0,"[0.6639803594227143,0.33601964057728567]"
12166,0,0.0,"[0.788500453961953,0.21149954603804694]"
12171,0,0.0,"[0.804660328481992,0.19533967151800793]"
12177,0,0.0,"[0.7178014813245184,0.28219851867548174]"
12180,1,0.0,"[0.7942240854808376,0.20577591451916238]"
12181,0,0.0,"[0.7981455622293894,0.20185443777061052]"
12182,0,0.0,"[0.7926881419747781,0.2073118580252219]"
12184,0,0.0,"[0.8129378877530041,0.18706211224699582]"
12200,0,0.0,"[0.675274310215613,0.324725689784387]"
12212,0,0.0,"[0.8339135494279233,0.16608645057207672]"
12215,1,0.0,"[0.5954317887309417,0.40456821126905823]"
12216,0,0.0,"[0.6584136566290899,0.34158634337091004]"
12221,0,0.0,"[0.6961703993267708,0.30382960067322906]"
12226,0,0.0,"[0.7228094799928843,0.2771905200071157]"
12230,0,1.0,"[0.447253938726764,0.5527460612732359]"
12232,0,0.0,"[0.8240969286480563,0.1759030713519436]"
12237,0,0.0,"[0.7126070909134444,0.2873929090865555]"
12238,1,0.0,"[0.6969272250685811,0.30307277493141893]"
12244,0,0.0,"[0.5914527931333047,0.4085472068666954]"
12248,0,0.0,"[0.7445770619830717,0.2554229380169282]"
12252,0,0.0,"[0.8671780763724668,0.13282192362753323]"
12253,1,0.0,"[0.6332748316187974,0.3667251683812027]"
12258,1,0.0,"[0.536219484220662,0.46378051577933793]"
12259,0,0.0,"[0.8238348874780038,0.17616511252199615]"
12264,0,0.0,"[0.5832260157771965,0.4167739842228036]"
12265,0,0.0,"[0.6831465038483804,0.3168534961516196]"
12275,1,0.0,"[0.525611349281884,0.4743886507181161]"
12276,0,1.0,"[0.4327455583399497,0.5672544416600505]"
12279,0,0.0,"[0.7351168124034351,0.2648831875965648]"
12283,1,0.0,"[0.7027984241113031,0.297201575888697]"
12285,0,0.0,"[0.8333365735578537,0.16666342644214627]"
12296,0,0.0,"[0.6323252984727327,0.36767470152726733]"
12297,0,0.0,"[0.7902910594566976,0.2097089405433023]"
12304,0,0.0,"[0.7387184928266615,0.26128150717333865]"
12315,0,0.0,"[0.6281743669186495,0.3718256330813506]"
12316,0,0.0,"[0.7487739956427859,0.2512260043572142]"
12321,0,0.0,"[0.74559981017674,0.25440018982325985]"
12332,0,0.0,"[0.7500916234874224,0.2499083765125777]"
12341,1,0.0,"[0.6846527624670095,0.31534723753299054]"
12346,0,0.0,"[0.7994471046175241,0.2005528953824759]"
12351,1,0.0,"[0.5879237561376959,0.412076243862304]"
12353,1,0.0,"[0.7535503145102731,0.24644968548972698]"
12395,0,1.0,"[0.45588115291809744,0.5441188470819025]"
12398,0,0.0,"[0.8093485933669966,0.19065140663300348]"
12401,0,0.0,"[0.8288669102256505,0.1711330897743494]"
12402,0,0.0,"[0.7703619384833581,0.2296380615166419]"
12406,1,0.0,"[0.7750598677508201,0.22494013224917978]"
12411,0,0.0,"[0.858392229364288,0.14160777063571203]"
12419,0,0.0,"[0.8673743676127034,0.13262563238729655]"
12421,0,0.0,"[0.8383819602757729,0.1616180397242271]"
12423,0,0.0,"[0.5949687823635307,0.40503121763646943]"
12427,1,0.0,"[0.7083099715846696,0.2916900284153304]"
12441,1,0.0,"[0.6431553690383839,0.35684463096161606]"
12443,0,0.0,"[0.637085686766987,0.362914313233013]"
12444,0,0.0,"[0.7456891660219516,0.2543108339780484]"
12453,0,0.0,"[0.7693844085605247,0.23061559143947524]"
12458,0,0.0,"[0.7896431508785897,0.21035684912141042]"
12462,0,0.0,"[0.6698485201223218,0.3301514798776783]"
12465,0,0.0,"[0.8273128100113266,0.17268718998867338]"
12468,0,0.0,"[0.7082959510603428,0.2917040489396571]"
12473,1,0.0,"[0.841006976713864,0.1589930232861359]"
12476,0,0.0,"[0.8146551058288238,0.18534489417117606]"
12482,0,0.0,"[0.6845000851138532,0.31549991488614687]"
12483,0,0.0,"[0.7154428869289764,0.28455711307102366]"
12487,0,0.0,"[0.7490596764689287,0.2509403235310714]"
12489,0,0.0,"[0.6472536306438111,0.3527463693561888]"
12509,0,0.0,"[0.7569078466666812,0.24309215333331874]"
12510,0,0.0,"[0.8550425822296108,0.14495741777038929]"
12511,0,0.0,"[0.7546755661383577,0.24532443386164238]"
12514,0,0.0,"[0.5743370003864103,0.4256629996135896]"
12520,0,0.0,"[0.8462023472902804,0.15379765270971965]"
12521,0,0.0,"[0.7265575371671749,0.2734424628328251]"
12524,0,0.0,"[0.7825271511864303,0.21747284881356965]"
12528,0,0.0,"[0.6493879234543856,0.35061207654561444]"
12529,0,0.0,"[0.7691252976488986,0.2308747023511014]"
12533,0,0.0,"[0.6311904504871204,0.36880954951287953]"
12535,0,0.0,"[0.728288511641805,0.271711488358195]"
12536,0,0.0,"[0.8430533998684893,0.15694660013151085]"
12543,0,0.0,"[0.5794570907509167,0.42054290924908333]"
12546,0,0.0,"[0.6760622603657419,0.32393773963425815]"
12547,1,0.0,"[0.59648482936442,0.4035151706355799]"
12551,0,0.0,"[0.714446020798749,0.28555397920125103]"
12552,0,0.0,"[0.7814308312689519,0.2185691687310481]"
12553,0,0.0,"[0.5030220652751638,0.49697793472483626]"
12557,0,0.0,"[0.8219570332243759,0.1780429667756242]"
12558,1,0.0,"[0.5855761234062936,0.41442387659370644]"
12561,1,0.0,"[0.7049436515797689,0.2950563484202311]"
12573,0,0.0,"[0.7995131555333341,0.200486844466666]"
12575,1,0.0,"[0.6088073528049571,0.39119264719504293]"
12576,0,0.0,"[0.7967167815971379,0.20328321840286226]"
12577,0,0.0,"[0.6321969573426804,0.3678030426573195]"
12578,1,0.0,"[0.6677745840857652,0.33222541591423477]"
12579,0,0.0,"[0.7842472680674765,0.21575273193252356]"
12580,0,0.0,"[0.6879715962681928,0.31202840373180724]"
12581,0,1.0,"[0.4529459237863076,0.5470540762136923]"
12583,0,0.0,"[0.7231993063182865,0.27680069368171356]"
12586,0,0.0,"[0.7710851707430727,0.22891482925692727]"
12617,0,0.0,"[0.6142648609518799,0.3857351390481201]"
12619,0,0.0,"[0.6472729799201086,0.35272702007989154]"
12628,0,0.0,"[0.7709659301312357,0.2290340698687643]"
12632,0,0.0,"[0.7761366606213,0.22386333937869987]"
12636,0,0.0,"[0.6403201730238587,0.35967982697614126]"
12637,1,0.0,"[0.8070765043705443,0.1929234956294557]"
12640,0,0.0,"[0.6975062673249212,0.3024937326750788]"
12642,1,0.0,"[0.5417448418303842,0.4582551581696159]"
12643,0,0.0,"[0.6316068536423693,0.3683931463576306]"
12658,0,0.0,"[0.74111100662913,0.25888899337086996]"
12664,0,0.0,"[0.7912659594025835,0.20873404059741651]"
12678,0,0.0,"[0.7169169707214434,0.2830830292785565]"
12682,0,0.0,"[0.7276158954508848,0.2723841045491153]"
12685,0,0.0,"[0.614163887137529,0.38583611286247105]"
12686,0,0.0,"[0.8490763432627637,0.1509236567372364]"
12690,1,0.0,"[0.7637764148805296,0.23622358511947036]"
12693,0,0.0,"[0.812825248028414,0.18717475197158603]"
12694,1,0.0,"[0.5562377567484064,0.4437622432515935]"
12701,0,0.0,"[0.5845149427982861,0.4154850572017139]"
12705,1,0.0,"[0.5254932031982182,0.47450679680178176]"
12707,0,0.0,"[0.6107455540011262,0.3892544459988739]"
12708,0,0.0,"[0.820088519772794,0.17991148022720607]"
12713,0,0.0,"[0.5569853664816946,0.44301463351830545]"
12716,0,0.0,"[0.7448591874002658,0.25514081259973426]"
12719,0,0.0,"[0.72174641616906,0.27825358383094]"
12721,0,0.0,"[0.831228385716901,0.1687716142830989]"
12726,0,0.0,"[0.8211768161466337,0.1788231838533663]"
12733,0,0.0,"[0.5922787205002942,0.4077212794997059]"
12735,0,0.0,"[0.8217858652804882,0.1782141347195117]"
12742,1,0.0,"[0.6957298115936454,0.30427018840635467]"
12747,0,0.0,"[0.8078753640438944,0.19212463595610568]"
12748,0,0.0,"[0.5282963336831287,0.47170366631687133]"
12756,0,0.0,"[0.8642208145726888,0.13577918542731113]"
12761,0,0.0,"[0.7820327808244446,0.2179672191755554]"
12772,0,0.0,"[0.7588925196381269,0.2411074803618732]"
12773,0,0.0,"[0.5797998429863865,0.42020015701361346]"
12774,0,0.0,"[0.8517036789161483,0.14829632108385182]"
12786,1,0.0,"[0.5202994424320926,0.4797005575679074]"
12791,1,0.0,"[0.6851221212586911,0.31487787874130907]"
12792,1,0.0,"[0.5339959030149741,0.46600409698502593]"
12809,0,0.0,"[0.8264328933163804,0.17356710668361963]"
12822,1,0.0,"[0.6306481591241878,0.36935184087581213]"
12836,0,0.0,"[0.7303908098835666,0.2696091901164334]"
12837,0,0.0,"[0.751342924660035,0.2486570753399649]"
12841,1,0.0,"[0.585420367307172,0.41457963269282816]"
12842,0,0.0,"[0.7396484737123452,0.2603515262876547]"
12844,1,0.0,"[0.7083497249371425,0.2916502750628574]"
12846,1,1.0,"[0.48774247741632165,0.5122575225836783]"
12850,0,0.0,"[0.7747007860543749,0.22529921394562508]"
12867,0,0.0,"[0.6306920108075175,0.3693079891924826]"
12883,1,0.0,"[0.5340874143584764,0.46591258564152355]"
12885,0,0.0,"[0.6761650624193081,0.323834937580692]"
12889,0,0.0,"[0.8443391954636911,0.15566080453630887]"
12897,0,0.0,"[0.8269340572787625,0.1730659427212376]"
12909,0,0.0,"[0.6829580795459228,0.3170419204540772]"
12915,0,0.0,"[0.8245986885841234,0.17540131141587662]"
12919,0,0.0,"[0.6960346099146804,0.3039653900853196]"
12922,0,0.0,"[0.6555053115863178,0.3444946884136822]"
12923,0,0.0,"[0.7641428367026569,0.23585716329734302]"
12925,0,0.0,"[0.7791637264636756,0.22083627353632446]"
12929,0,0.0,"[0.7530115092941073,0.24698849070589263]"
12930,0,0.0,"[0.7396860753101563,0.2603139246898437]"
12933,0,0.0,"[0.831376668145374,0.16862333185462605]"
12935,0,0.0,"[0.7432366426406829,0.2567633573593172]"
12948,0,0.0,"[0.8193556136322645,0.18064438636773544]"
12956,0,0.0,"[0.8186851193371989,0.18131488066280108]"
12967,0,0.0,"[0.8672610345921197,0.13273896540788038]"
12975,0,0.0,"[0.6794647842225199,0.3205352157774802]"
12987,0,0.0,"[0.8236030821145849,0.17639691788541512]"
12990,0,0.0,"[0.8110235376503335,0.18897646234966653]"
12993,0,0.0,"[0.7570410266642621,0.24295897333573785]"
13002,0,0.0,"[0.6642147458893116,0.33578525411068844]"
13009,0,0.0,"[0.798617207409989,0.201382792590011]"
13014,1,0.0,"[0.7084863215137902,0.2915136784862099]"
13018,0,0.0,"[0.7439814206180755,0.25601857938192446]"
13025,1,0.0,"[0.6261298466889293,0.37387015331107065]"
13031,0,0.0,"[0.7039600336568622,0.2960399663431379]"
13037,0,0.0,"[0.8197913197834806,0.1802086802165194]"
13040,0,0.0,"[0.8455262332438808,0.15447376675611918]"
13049,1,0.0,"[0.721654049355482,0.278345950644518]"
13051,0,0.0,"[0.7309588388343375,0.2690411611656624]"
13056,0,0.0,"[0.7210768514413293,0.2789231485586707]"
13077,0,0.0,"[0.7414314710285738,0.2585685289714263]"
13082,1,0.0,"[0.8273887717734254,0.17261122822657454]"
13083,0,1.0,"[0.435128643112547,0.5648713568874529]"
13088,0,0.0,"[0.5918172043599634,0.4081827956400366]"
13093,0,0.0,"[0.8294740279948922,0.17052597200510772]"
13107,0,0.0,"[0.5710088377539538,0.42899116224604616]"
13113,0,0.0,"[0.8735430773523467,0.12645692264765326]"
13114,0,0.0,"[0.6587265002475703,0.34127349975242977]"
13126,1,0.0,"[0.7875175877848551,0.2124824122151448]"
13128,0,1.0,"[0.4943228180927158,0.5056771819072843]"
13141,0,0.0,"[0.6960838831952497,0.3039161168047502]"
13143,0,0.0,"[0.8595185215403787,0.14048147845962144]"
13152,0,0.0,"[0.6524267103198725,0.34757328968012746]"
13154,0,0.0,"[0.7281145891026297,0.2718854108973703]"
13156,0,0.0,"[0.7397444170879663,0.2602555829120336]"
13164,0,0.0,"[0.7340127125463638,0.2659872874536362]"
13167,0,0.0,"[0.7820116881321705,0.2179883118678296]"
13172,1,0.0,"[0.5859798850221304,0.4140201149778697]"
13174,0,0.0,"[0.7568917036454947,0.24310829635450537]"
13179,0,0.0,"[0.7345602201510106,0.26543977984898937]"
13187,0,0.0,"[0.5824501948466074,0.4175498051533925]"
13188,0,0.0,"[0.6768366636009907,0.3231633363990094]"
13194,1,0.0,"[0.830456219738297,0.16954378026170305]"
13198,0,0.0,"[0.6311853340862766,0.36881466591372336]"
13199,1,0.0,"[0.8557112934785179,0.14428870652148212]"
13203,0,0.0,"[0.8247034075318678,0.1752965924681323]"
13218,0,0.0,"[0.6167209802213522,0.3832790197786477]"
13220,0,0.0,"[0.7564058235008028,0.24359417649919723]"
13224,0,0.0,"[0.5810736857231487,0.4189263142768513]"
13229,1,0.0,"[0.6550429937261815,0.3449570062738185]"
13231,0,0.0,"[0.7052550987408818,0.2947449012591183]"
13237,1,0.0,"[0.7845708632164761,0.21542913678352396]"
13239,0,0.0,"[0.824337952269321,0.17566204773067892]"
13249,0,0.0,"[0.7579118277624252,0.24208817223757487]"
13253,0,0.0,"[0.7823111979918578,0.21768880200814225]"
13272,1,1.0,"[0.47901073408409683,0.5209892659159031]"
13277,0,0.0,"[0.695481246180438,0.304518753819562]"
13279,0,0.0,"[0.5367632651489034,0.4632367348510966]"
13287,0,0.0,"[0.8278680098869398,0.17213199011306016]"
13303,0,0.0,"[0.6333828238826039,0.36661717611739614]"
13307,0,0.0,"[0.6322562865970893,0.36774371340291073]"
13311,0,0.0,"[0.8332946709195798,0.1667053290804202]"
13317,0,0.0,"[0.6874915915006344,0.3125084084993655]"
13324,0,0.0,"[0.6796256920145909,0.32037430798540917]"
13327,0,0.0,"[0.8087718247438958,0.19122817525610414]"
13332,0,0.0,"[0.8455275796614671,0.15447242033853292]"
13341,0,0.0,"[0.8500139092929034,0.14998609070709656]"
13348,0,0.0,"[0.8221927287266214,0.17780727127337853]"
13353,0,0.0,"[0.7965856128791464,0.20341438712085355]"
13360,0,0.0,"[0.73065354038197,0.26934645961803005]"
13363,0,0.0,"[0.8270999245355269,0.17290007546447303]"
13365,1,0.0,"[0.7285414325051158,0.2714585674948843]"
13369,0,0.0,"[0.8219117724214757,0.17808822757852436]"
13377,0,0.0,"[0.6838796227500122,0.3161203772499878]"
13378,0,0.0,"[0.6940147474493646,0.3059852525506354]"
13384,0,0.0,"[0.7057230254823549,0.29427697451764506]"
13385,1,1.0,"[0.464702262968318,0.5352977370316819]"
13386,0,1.0,"[0.4810865822772479,0.518913417722752]"
13399,0,0.0,"[0.757262811130127,0.24273718886987297]"
13406,1,0.0,"[0.5474291430838312,0.4525708569161688]"
13435,0,0.0,"[0.84390102745286,0.15609897254714006]"
13447,1,0.0,"[0.5790473330556024,0.42095266694439754]"
13452,0,0.0,"[0.7836602720835164,0.21633972791648362]"
13456,0,0.0,"[0.7418917066808749,0.258108293319125]"
13459,0,0.0,"[0.5187485215867256,0.48125147841327437]"
13466,0,0.0,"[0.8718496215703466,0.12815037842965332]"
13477,1,0.0,"[0.6767664776093006,0.3232335223906994]"
13480,0,0.0,"[0.6137734025574287,0.3862265974425712]"
13486,0,0.0,"[0.5636084687854788,0.43639153121452123]"
13491,0,0.0,"[0.7532784145430299,0.24672158545697015]"
13494,1,1.0,"[0.48991806577925007,0.5100819342207499]"
13496,0,0.0,"[0.6842195389764809,0.3157804610235191]"
13502,0,0.0,"[0.784266733128912,0.21573326687108804]"
13503,1,0.0,"[0.5870246041824397,0.4129753958175602]"
13504,0,0.0,"[0.821914391695155,0.17808560830484496]"
13509,0,0.0,"[0.6413164750216098,0.3586835249783901]"
13511,0,0.0,"[0.7859873739170881,0.21401262608291186]"
13514,0,0.0,"[0.750527157306231,0.24947284269376907]"
13517,1,0.0,"[0.6758998360336028,0.3241001639663972]"
13518,0,0.0,"[0.8314930582881425,0.16850694171185748]"
13522,0,0.0,"[0.7335171888381454,0.2664828111618545]"
13527,1,0.0,"[0.5260193489774647,0.47398065102253517]"
13528,0,0.0,"[0.7531061861924481,0.24689381380755185]"
13542,1,0.0,"[0.5830460939756521,0.4169539060243479]"
13543,0,0.0,"[0.7885410507033188,0.21145894929668127]"
13555,1,0.0,"[0.7533941525102389,0.24660584748976105]"
13558,0,0.0,"[0.777455356884748,0.22254464311525188]"
13559,0,0.0,"[0.8557485466292319,0.14425145337076814]"
13564,1,0.0,"[0.733204252953637,0.26679574704636294]"
13565,1,0.0,"[0.5279739861520938,0.47202601384790616]"
13580,0,0.0,"[0.6861929903932502,0.3138070096067498]"
13581,0,0.0,"[0.8384299579963632,0.16157004200363673]"
13583,0,0.0,"[0.7926675637888579,0.20733243621114208]"
13594,0,0.0,"[0.7773691238216678,0.22263087617833222]"
13597,0,0.0,"[0.6170918488518609,0.38290815114813925]"
13598,0,0.0,"[0.6892961507655386,0.31070384923446137]"
13600,0,0.0,"[0.7661654833386407,0.23383451666135932]"
13601,1,0.0,"[0.8325808267647584,0.16741917323524153]"
13623,0,0.0,"[0.788022014583571,0.21197798541642907]"
13627,0,0.0,"[0.6008312761710756,0.3991687238289244]"
13631,0,0.0,"[0.7939191747293348,0.20608082527066526]"
13637,0,0.0,"[0.621213134278301,0.3787868657216989]"
13642,0,0.0,"[0.6360696187674877,0.3639303812325123]"
13650,0,0.0,"[0.7666201547539631,0.23337984524603703]"
13656,1,0.0,"[0.8273720205876339,0.17262797941236596]"
13687,0,0.0,"[0.699013404478326,0.30098659552167384]"
13689,1,0.0,"[0.6708616234532322,0.32913837654676786]"
13699,1,0.0,"[0.7855087931853274,0.21449120681467257]"
13703,0,0.0,"[0.6670429639415847,0.3329570360584153]"
13704,0,0.0,"[0.7728456246921741,0.22715437530782576]"
13712,0,0.0,"[0.6891240150294015,0.3108759849705986]"
13714,1,0.0,"[0.861632722223028,0.13836727777697194]"
13720,0,0.0,"[0.6764361336696605,0.3235638663303395]"
13725,0,0.0,"[0.7546375991612272,0.24536240083877278]"
13729,1,0.0,"[0.7592127815950918,0.2407872184049082]"
13740,0,0.0,"[0.8560337763436039,0.14396622365639605]"
13741,0,0.0,"[0.5754232252428104,0.4245767747571895]"
13744,0,0.0,"[0.7704316458460904,0.22956835415390964]"
13747,0,0.0,"[0.7523359792361252,0.24766402076387475]"
13753,1,0.0,"[0.5963540577438817,0.4036459422561182]"
13754,0,0.0,"[0.8175177307572022,0.1824822692427977]"
13757,1,1.0,"[0.4680316598393645,0.5319683401606355]"
13758,0,0.0,"[0.8356615714622021,0.16433842853779776]"
13768,0,0.0,"[0.7020039998682078,0.2979960001317921]"
13772,0,0.0,"[0.7652175979046407,0.23478240209535936]"
13777,0,0.0,"[0.8128366405476064,0.18716335945239365]"
13779,1,0.0,"[0.5061227875113377,0.4938772124886623]"
13782,1,0.0,"[0.7639172287779006,0.23608277122209945]"
13783,0,0.0,"[0.8158272520224138,0.18417274797758623]"
13784,0,0.0,"[0.7484855555181741,0.25151444448182597]"
13794,0,0.0,"[0.6637705091138362,0.3362294908861637]"
13798,0,0.0,"[0.8435183631337514,0.15648163686624858]"
13805,0,0.0,"[0.8625817902501046,0.1374182097498954]"
13808,0,0.0,"[0.7331459903921076,0.26685400960789235]"
13813,0,0.0,"[0.7183548133552985,0.2816451866447015]"
13820,0,0.0,"[0.7597330031669339,0.24026699683306618]"
13823,0,0.0,"[0.8082006581405292,0.19179934185947076]"
13824,0,0.0,"[0.7292219805536082,0.27077801944639185]"
13828,0,0.0,"[0.6883159226937955,0.31168407730620457]"
13830,0,0.0,"[0.6815662704522211,0.3184337295477789]"
13837,0,0.0,"[0.852215304090033,0.147784695909967]"
13840,0,0.0,"[0.7472782642341279,0.2527217357658721]"
13844,0,0.0,"[0.6300719925576115,0.3699280074423886]"
13848,0,0.0,"[0.7597394002454902,0.24026059975450986]"
13852,0,0.0,"[0.7952591636820607,0.20474083631793927]"
13853,0,0.0,"[0.622109198275936,0.37789080172406403]"
13858,0,0.0,"[0.6817492200871368,0.3182507799128631]"
13868,1,0.0,"[0.6728944064549345,0.3271055935450657]"
13870,0,0.0,"[0.7944795906573024,0.20552040934269744]"
13871,0,0.0,"[0.5952432081534614,0.4047567918465387]"
13886,0,0.0,"[0.8270676430891164,0.17293235691088366]"
13895,1,0.0,"[0.6591449499712435,0.34085505002875655]"
13896,0,0.0,"[0.8153419564564933,0.18465804354350665]"
13897,0,0.0,"[0.8625832022697502,0.13741679773024984]"
13901,1,0.0,"[0.6222810716554297,0.3777189283445703]"
13903,0,0.0,"[0.7058843525881632,0.29411564741183693]"
13904,0,0.0,"[0.7708877611608077,0.22911223883919224]"
13905,0,0.0,"[0.6534002861509901,0.34659971384900995]"
13919,0,0.0,"[0.6579235784449405,0.34207642155505946]"
13920,0,0.0,"[0.747370493010222,0.252629506989778]"
13921,1,0.0,"[0.5956864730626973,0.4043135269373027]"
13922,0,0.0,"[0.7479919074301478,0.25200809256985235]"
13928,0,0.0,"[0.6126019579037425,0.3873980420962575]"
13930,0,0.0,"[0.6994551997755529,0.3005448002244471]"
13932,1,0.0,"[0.5422857730846771,0.4577142269153229]"
13944,0,0.0,"[0.6835193770841227,0.31648062291587725]"
13958,1,1.0,"[0.4559771699348384,0.5440228300651615]"
13964,0,0.0,"[0.8099464777679667,0.19005352223203342]"
13965,0,0.0,"[0.7451475272520298,0.25485247274797024]"
13968,0,0.0,"[0.77220501566257,0.22779498433743006]"
13974,0,0.0,"[0.8217496313344219,0.17825036866557814]"
13976,1,0.0,"[0.5375953292196289,0.46240467078037095]"
13977,0,0.0,"[0.8385659496485907,0.16143405035140931]"
13980,1,0.0,"[0.6122989292644443,0.38770107073555576]"
13983,0,0.0,"[0.7993196222170181,0.2006803777829819]"
13985,0,0.0,"[0.7886452356471358,0.2113547643528642]"
13991,1,0.0,"[0.7663577954583892,0.23364220454161075]"
13992,0,0.0,"[0.678524537085702,0.32147546291429796]"
13996,0,0.0,"[0.6223983230294826,0.37760167697051733]"
13997,0,0.0,"[0.5067288777063004,0.4932711222936997]"
14001,0,0.0,"[0.7783092611670465,0.22169073883295354]"
14013,0,0.0,"[0.6458407233170355,0.35415927668296465]"
14014,1,0.0,"[0.5913756305397567,0.40862436946024316]"
14018,1,0.0,"[0.5197139873512588,0.4802860126487411]"
14020,1,0.0,"[0.5901380811005555,0.4098619188994445]"
14024,0,0.0,"[0.732261447335027,0.26773855266497304]"
14025,0,0.0,"[0.6945374481919228,0.3054625518080773]"
14026,0,0.0,"[0.7996548746833227,0.2003451253166773]"
14042,0,0.0,"[0.695121486791317,0.30487851320868303]"
14043,0,0.0,"[0.7630968454532774,0.23690315454672253]"
14050,1,0.0,"[0.753313355303607,0.24668664469639306]"
14059,0,0.0,"[0.7200465219064123,0.27995347809358767]"
14061,0,0.0,"[0.8255686223140504,0.17443137768594955]"
14066,0,0.0,"[0.7236882770546457,0.27631172294535444]"
14068,1,0.0,"[0.7536718329634454,0.24632816703655455]"
14071,0,0.0,"[0.7472292565562189,0.25277074344378114]"
14087,0,0.0,"[0.8261370543441917,0.1738629456558083]"
14098,0,0.0,"[0.6453032033934702,0.35469679660652975]"
14105,0,0.0,"[0.819631158120941,0.18036884187905886]"
14125,0,0.0,"[0.6722701093675572,0.32772989063244296]"
14130,1,0.0,"[0.6346456714560643,0.36535432854393574]"
14138,0,0.0,"[0.7659515174435764,0.23404848255642358]"
14143,0,0.0,"[0.7093314376772621,0.29066856232273774]"
14149,0,0.0,"[0.7176201644583584,0.28237983554164153]"
14150,1,0.0,"[0.6320730257180602,0.3679269742819397]"
14155,1,0.0,"[0.6423607086548906,0.3576392913451095]"
14161,1,0.0,"[0.852734779144396,0.14726522085560406]"
14171,0,0.0,"[0.8593003464510524,0.14069965354894773]"
14173,0,0.0,"[0.6333394845646336,0.3666605154353663]"
14181,0,0.0,"[0.6645952994332848,0.33540470056671523]"
14189,0,0.0,"[0.7262431325638551,0.273756867436145]"
14199,1,0.0,"[0.6020610764486872,0.3979389235513127]"
14209,0,0.0,"[0.7332739703150095,0.2667260296849904]"
14212,1,0.0,"[0.5392346939494495,0.4607653060505504]"
14214,0,0.0,"[0.7862382903315156,0.21376170966848446]"
14215,0,0.0,"[0.8871632367735811,0.11283676322641899]"
14218,0,0.0,"[0.8469368797473663,0.15306312025263363]"
14221,0,0.0,"[0.7702234580379884,0.22977654196201172]"
14234,0,0.0,"[0.7796815003562778,0.22031849964372222]"
14239,0,0.0,"[0.8317205930757853,0.16827940692421473]"
14240,0,0.0,"[0.5857037990898901,0.4142962009101099]"
14248,0,0.0,"[0.8048298933418006,0.1951701066581994]"
14253,1,0.0,"[0.8068068077599128,0.1931931922400872]"
14255,1,0.0,"[0.6364264939499843,0.36357350605001576]"
14271,0,0.0,"[0.8267479983941105,0.17325200160588947]"
14281,0,1.0,"[0.4036403073329155,0.5963596926670844]"
14283,1,0.0,"[0.7900955547888034,0.20990444521119647]"
14284,0,0.0,"[0.7815802496011021,0.21841975039889794]"
14285,1,0.0,"[0.6172806827128662,0.3827193172871337]"
14287,0,0.0,"[0.6694008547415649,0.33059914525843515]"
14298,0,0.0,"[0.7347588937899621,0.26524110621003794]"
14300,0,0.0,"[0.7173522521042444,0.2826477478957556]"
14309,1,0.0,"[0.6893877487450789,0.31061225125492103]"
14311,0,0.0,"[0.794173311457153,0.205826688542847]"
14313,0,0.0,"[0.8569637135452808,0.1430362864547192]"
14325,0,0.0,"[0.6281207354345355,0.37187926456546444]"
14326,0,1.0,"[0.4512239973931895,0.5487760026068105]"
14334,0,0.0,"[0.6846949393128479,0.3153050606871522]"
14336,0,0.0,"[0.6380383468681851,0.3619616531318149]"
14343,0,0.0,"[0.5986540106269553,0.4013459893730448]"
14345,0,0.0,"[0.76768873737595,0.23231126262404994]"
14348,0,0.0,"[0.8455536897535222,0.15444631024647779]"
14349,0,0.0,"[0.739529676695306,0.26047032330469394]"
14354,0,0.0,"[0.6614508022449836,0.33854919775501646]"
14356,1,0.0,"[0.7943341210469915,0.2056658789530085]"
14364,1,1.0,"[0.4400273794924029,0.5599726205075972]"
14367,0,0.0,"[0.6595412809087806,0.34045871909121944]"
14390,1,0.0,"[0.593820192952029,0.40617980704797096]"
14391,0,0.0,"[0.7578643853511874,0.24213561464881256]"
14412,0,0.0,"[0.8442076464187015,0.15579235358129856]"
14414,0,0.0,"[0.6761539194285604,0.32384608057143954]"
14415,0,0.0,"[0.5099831020787933,0.49001689792120684]"
14418,1,0.0,"[0.6920287894924243,0.3079712105075756]"
14419,1,0.0,"[0.6070726529710454,0.3929273470289546]"
14440,0,0.0,"[0.8332715192239311,0.16672848077606903]"
14443,1,0.0,"[0.7977636086615494,0.20223639133845053]"
14445,0,0.0,"[0.7309863010431134,0.2690136989568867]"
14452,1,0.0,"[0.7473985383450452,0.25260146165495484]"
14454,1,0.0,"[0.7514223594000508,0.24857764059994925]"
14457,0,0.0,"[0.6802266805164242,0.3197733194835759]"
14476,0,0.0,"[0.7863424865675471,0.21365751343245293]"
14478,0,0.0,"[0.8068166556807492,0.19318334431925077]"
14482,0,0.0,"[0.6939292457571243,0.30607075424287566]"
14486,0,0.0,"[0.6954851772304013,0.3045148227695986]"
14489,1,0.0,"[0.6807038291342926,0.31929617086570755]"
14490,1,0.0,"[0.7211716839272341,0.2788283160727659]"
14493,0,0.0,"[0.8539581596778815,0.14604184032211856]"
14495,0,0.0,"[0.6243949566772747,0.3756050433227254]"
14509,0,0.0,"[0.8835296368308366,0.1164703631691634]"
14513,1,0.0,"[0.6138644273106288,0.3861355726893711]"
14514,0,0.0,"[0.773953499299351,0.22604650070064905]"
14517,1,0.0,"[0.6834216263893329,0.316578373610667]"
14518,0,0.0,"[0.6616260980675335,0.3383739019324665]"
14519,0,0.0,"[0.7085822944788146,0.2914177055211855]"
14520,0,0.0,"[0.579961007830279,0.420038992169721]"
14521,0,0.0,"[0.7000979980095446,0.2999020019904554]"
14525,1,0.0,"[0.6818606039013267,0.3181393960986733]"
14527,1,0.0,"[0.6690215913950924,0.33097840860490746]"
14530,0,0.0,"[0.692521117006105,0.30747888299389503]"
14531,1,1.0,"[0.45020436941515385,0.5497956305848462]"
14534,1,0.0,"[0.8379120684761782,0.1620879315238219]"
14538,1,0.0,"[0.5841219845378623,0.41587801546213765]"
14550,1,0.0,"[0.571149398075591,0.42885060192440905]"
14553,1,1.0,"[0.404575841287924,0.5954241587120761]"
14555,0,0.0,"[0.7045490387786836,0.2954509612213165]"
14557,1,1.0,"[0.4366901527902002,0.5633098472097998]"
14558,1,0.0,"[0.709141314246245,0.29085868575375484]"
14559,0,0.0,"[0.7504652867387639,0.24953471326123605]"
14560,0,0.0,"[0.7171674745797235,0.28283252542027654]"
14561,1,0.0,"[0.6184168070810525,0.3815831929189474]"
14562,0,0.0,"[0.7213770493203882,0.27862295067961174]"
14564,0,0.0,"[0.6073038156593876,0.3926961843406125]"
14589,0,0.0,"[0.5619647771554191,0.43803522284458096]"
14594,1,0.0,"[0.6286429895220825,0.37135701047791747]"
14599,0,0.0,"[0.8470312778681134,0.15296872213188667]"
14603,1,0.0,"[0.5641053402990546,0.43589465970094543]"
14608,1,1.0,"[0.45445224435994636,0.5455477556400536]"
14616,0,0.0,"[0.8361673553595241,0.16383264464047578]"
14619,0,0.0,"[0.7697524514786959,0.2302475485213042]"
14625,0,1.0,"[0.35657386788398066,0.6434261321160194]"
14629,0,0.0,"[0.6306863223071763,0.36931367769282386]"
14632,0,0.0,"[0.6559323058844451,0.3440676941155549]"
14637,0,0.0,"[0.6753944751639023,0.32460552483609767]"
14641,0,0.0,"[0.6060400579892569,0.3939599420107432]"
14642,1,0.0,"[0.5875686317471746,0.4124313682528255]"
14645,0,0.0,"[0.7522950623572494,0.24770493764275073]"
14650,0,0.0,"[0.6358578662701465,0.36414213372985343]"
14660,0,0.0,"[0.7840812717291565,0.2159187282708435]"
14662,1,0.0,"[0.6471471166287659,0.3528528833712341]"
14667,0,0.0,"[0.8231740329550356,0.17682596704496448]"
14668,1,0.0,"[0.6452907830775557,0.3547092169224442]"
14687,0,1.0,"[0.4341715335532349,0.5658284664467652]"
14689,0,0.0,"[0.7445510982048973,0.2554489017951027]"
14692,1,0.0,"[0.5098102447749582,0.49018975522504166]"
14701,0,0.0,"[0.7618447784955851,0.23815522150441495]"
14705,0,0.0,"[0.76109807225108,0.2389019277489199]"
14711,0,0.0,"[0.7262802896220492,0.2737197103779508]"
14712,1,0.0,"[0.7092822296273779,0.2907177703726222]"
14716,1,0.0,"[0.6185463918204647,0.38145360817953533]"
14718,1,0.0,"[0.823779807359121,0.17622019264087901]"
14722,0,0.0,"[0.6180303835297327,0.38196961647026734]"
14727,0,0.0,"[0.6839787325771541,0.31602126742284586]"
14730,0,0.0,"[0.6754517435025622,0.3245482564974378]"
14732,0,0.0,"[0.5911636840001441,0.40883631599985587]"
14736,0,0.0,"[0.7830665112095339,0.21693348879046606]"
14737,0,0.0,"[0.793055274906244,0.20694472509375597]"
14739,0,0.0,"[0.8514685135913704,0.1485314864086295]"
14743,0,0.0,"[0.7914821467378887,0.2085178532621112]"
14745,0,0.0,"[0.8006899807377658,0.19931001926223416]"
14746,1,1.0,"[0.43196768004397573,0.5680323199560242]"
14751,0,0.0,"[0.6724032325979742,0.32759676740202587]"
14755,0,0.0,"[0.748579292785764,0.25142070721423604]"
14757,0,0.0,"[0.7823129807930886,0.21768701920691133]"
14761,0,0.0,"[0.6807952614423893,0.31920473855761067]"
14764,0,0.0,"[0.7088681471819547,0.29113185281804543]"
14771,1,0.0,"[0.7155759146134543,0.2844240853865458]"
14773,0,0.0,"[0.7106819310449717,0.2893180689550284]"
14776,1,0.0,"[0.5897714266574952,0.410228573342505]"
14780,1,1.0,"[0.49963719024572856,0.5003628097542714]"
14797,0,0.0,"[0.7793232069555465,0.22067679304445353]"
14806,1,1.0,"[0.47347397315401246,0.5265260268459876]"
14816,0,0.0,"[0.8848643669177239,0.11513563308227608]"
14819,1,0.0,"[0.7242252994297769,0.27577470057022313]"
14821,0,0.0,"[0.860979515039002,0.139020484960998]"
14824,0,0.0,"[0.8061045771675033,0.19389542283249678]"
14832,0,0.0,"[0.6807960548087751,0.31920394519122486]"
14839,1,1.0,"[0.48577380245793733,0.5142261975420628]"
14840,0,0.0,"[0.7707454823675737,0.2292545176324262]"
14850,1,0.0,"[0.7573655339305749,0.242634466069425]"
14854,0,0.0,"[0.7299979150347333,0.2700020849652665]"
14859,1,0.0,"[0.5016938782977373,0.4983061217022628]"
14862,0,0.0,"[0.8301430721393662,0.1698569278606338]"
14864,0,0.0,"[0.7309212095231409,0.2690787904768592]"
14871,0,0.0,"[0.7700761423354654,0.22992385766453471]"
14873,0,0.0,"[0.7683756311096016,0.23162436889039847]"
14876,0,0.0,"[0.6949882358166025,0.30501176418339754]"
14884,1,0.0,"[0.584791246237487,0.415208753762513]"
14885,1,0.0,"[0.6234055985649004,0.3765944014350995]"
14887,0,0.0,"[0.7419887331230589,0.25801126687694115]"
14890,0,0.0,"[0.7532871838874367,0.24671281611256332]"
14899,0,0.0,"[0.5361699853323961,0.46383001466760393]"
14900,1,1.0,"[0.46134068296768543,0.5386593170323146]"
14904,0,0.0,"[0.8319578560250914,0.16804214397490858]"
14906,0,0.0,"[0.6871833978389387,0.3128166021610613]"
14910,1,0.0,"[0.5209116242478865,0.47908837575211344]"
14911,0,0.0,"[0.5986886576667668,0.4013113423332332]"
14917,0,0.0,"[0.743576118883676,0.25642388111632397]"
14918,0,0.0,"[0.7530876853611388,0.24691231463886132]"
14929,0,0.0,"[0.8401991944420601,0.15980080555793993]"
14933,0,0.0,"[0.6351835300978116,0.3648164699021883]"
14938,0,0.0,"[0.7294152122236274,0.2705847877763726]"
14943,0,0.0,"[0.6907486920109527,0.3092513079890472]"
14947,1,0.0,"[0.7740188319416934,0.22598116805830662]"
14954,0,0.0,"[0.6681893900767737,0.33181060992322625]"
14957,0,0.0,"[0.7944937716532057,0.20550622834679427]"
14958,0,0.0,"[0.812626332459938,0.18737366754006202]"
14964,0,0.0,"[0.7926275073920948,0.2073724926079052]"
14972,0,0.0,"[0.872512041689317,0.12748795831068316]"
14979,1,0.0,"[0.703982290849261,0.296017709150739]"
14987,0,0.0,"[0.7688336332070449,0.23116636679295519]"
14988,0,0.0,"[0.701843786949389,0.298156213050611]"
14989,0,0.0,"[0.7600518555790436,0.2399481444209563]"
15005,1,1.0,"[0.4812459121134508,0.5187540878865491]"
15009,1,0.0,"[0.660026001694063,0.339973998305937]"
15013,1,0.0,"[0.5993541696948965,0.40064583030510337]"
15024,0,0.0,"[0.7997414302870705,0.20025856971292955]"
15028,0,0.0,"[0.7320890720071136,0.26791092799288646]"
15029,1,0.0,"[0.7412252749532249,0.258774725046775]"
15032,1,0.0,"[0.6332921837916453,0.3667078162083548]"
15033,1,0.0,"[0.6109261662567188,0.3890738337432812]"
15038,1,0.0,"[0.6224669668256813,0.37753303317431863]"
15041,1,0.0,"[0.7572860909311443,0.24271390906885568]"
15053,0,0.0,"[0.6412397891949331,0.3587602108050668]"
15056,0,0.0,"[0.8062065840355885,0.19379341596441152]"
15061,0,0.0,"[0.8357424599286654,0.16425754007133467]"
15063,0,0.0,"[0.6462177881237868,0.35378221187621317]"
15073,0,0.0,"[0.5463575379381096,0.4536424620618904]"
15080,0,0.0,"[0.7472048079757709,0.25279519202422907]"
15081,0,0.0,"[0.8721383914227498,0.1278616085772501]"
15086,0,0.0,"[0.7218331810200629,0.278166818979937]"
15091,0,0.0,"[0.7162410694288067,0.28375893057119334]"
15096,0,0.0,"[0.7544609375335803,0.24553906246641963]"
15101,0,0.0,"[0.8507442542844513,0.14925574571554875]"
15106,1,0.0,"[0.6701385600641893,0.32986143993581074]"
15110,0,0.0,"[0.7903035717590368,0.20969642824096327]"
15118,0,0.0,"[0.7024880774383978,0.2975119225616023]"
15124,0,0.0,"[0.6001484053970266,0.3998515946029734]"
15126,0,0.0,"[0.7354783590800709,0.2645216409199291]"
15127,0,0.0,"[0.870962487831267,0.12903751216873313]"
15128,1,0.0,"[0.6009405804491236,0.3990594195508764]"
15132,0,0.0,"[0.7448023423688485,0.25519765763115165]"
15133,0,0.0,"[0.7776600253925388,0.2223399746074611]"
15134,0,0.0,"[0.6300316634117495,0.36996833658825057]"
15139,0,0.0,"[0.5002361857488146,0.4997638142511855]"
15143,0,0.0,"[0.8315637885902446,0.1684362114097554]"
15147,0,0.0,"[0.7892224418624972,0.2107775581375028]"
15150,0,0.0,"[0.5267986391789307,0.4732013608210693]"
15155,1,0.0,"[0.5258661393633656,0.4741338606366344]"
15161,0,0.0,"[0.6615046660585535,0.3384953339414464]"
15163,1,0.0,"[0.5661725179313132,0.43382748206868693]"
15167,0,0.0,"[0.8743712172457017,0.12562878275429842]"
15168,1,0.0,"[0.7314846983727049,0.26851530162729503]"
15176,1,0.0,"[0.5284150785194583,0.47158492148054154]"
15189,0,0.0,"[0.8282854544250542,0.17171454557494578]"
15195,0,0.0,"[0.6158721153189701,0.38412788468102993]"
15206,0,1.0,"[0.34794247105324516,0.6520575289467547]"
15217,0,0.0,"[0.7780983336422465,0.2219016663577536]"
15222,0,0.0,"[0.8354482237783784,0.16455177622162157]"
15223,1,1.0,"[0.46579570051824143,0.5342042994817586]"
15224,1,0.0,"[0.6503520080242715,0.34964799197572854]"
15229,0,0.0,"[0.8055222815648123,0.19447771843518769]"
15239,0,0.0,"[0.536910846109411,0.4630891538905891]"
15244,0,0.0,"[0.828822046396397,0.17117795360360294]"
15246,0,0.0,"[0.7514167593030013,0.24858324069699875]"
15250,0,0.0,"[0.5772087979338343,0.42279120206616566]"
15260,0,0.0,"[0.866122544322453,0.13387745567754714]"
15264,1,0.0,"[0.7170902260877966,0.28290977391220334]"
15277,0,0.0,"[0.6213494470781309,0.37865055292186917]"
15285,0,0.0,"[0.7924392505066457,0.2075607494933544]"
15295,0,0.0,"[0.8284653418223218,0.17153465817767832]"
15312,0,0.0,"[0.7077295362318926,0.2922704637681074]"
15315,0,0.0,"[0.722154494568417,0.277845505431583]"
15316,0,0.0,"[0.7712784169690171,0.22872158303098283]"
15321,0,0.0,"[0.6193781081896546,0.3806218918103455]"
15325,1,0.0,"[0.5862353754046062,0.41376462459539376]"
15331,0,0.0,"[0.8290166172053806,0.1709833827946194]"
15338,0,0.0,"[0.7425489110724943,0.25745108892750573]"
15339,0,0.0,"[0.8245783073145855,0.17542169268541452]"
15343,0,0.0,"[0.5859050651037674,0.41409493489623267]"
15347,1,0.0,"[0.6473831470579277,0.35261685294207246]"
15363,0,0.0,"[0.8062438948855899,0.19375610511441016]"
15365,0,0.0,"[0.7869568019196321,0.21304319808036776]"
15369,1,0.0,"[0.8218977866195574,0.17810221338044263]"
15373,0,0.0,"[0.809507219741883,0.190492780258117]"
15376,1,0.0,"[0.7748177473801257,0.22518225261987435]"
15388,0,0.0,"[0.8311093984890884,0.16889060151091173]"
15391,1,0.0,"[0.5155282220417279,0.4844717779582722]"
15394,0,0.0,"[0.7447069844662417,0.2552930155337584]"
15395,0,0.0,"[0.7750342188888045,0.22496578111119542]"
15401,1,0.0,"[0.5382389621521606,0.46176103784783945]"
15411,0,0.0,"[0.7300980743175328,0.2699019256824672]"
15412,1,0.0,"[0.5731873687321803,0.4268126312678196]"
15416,1,0.0,"[0.6952729997851337,0.30472700021486626]"
15418,0,0.0,"[0.7836153470675784,0.21638465293242162]"
15425,0,0.0,"[0.8966735461457292,0.10332645385427076]"
15438,0,0.0,"[0.8166714258190064,0.18332857418099355]"
15440,0,0.0,"[0.7883640173662,0.21163598263379998]"
15441,0,0.0,"[0.6484027993910081,0.3515972006089919]"
15446,0,0.0,"[0.72158296747388,0.27841703252612016]"
15452,0,0.0,"[0.7328823200561986,0.2671176799438015]"
15458,1,0.0,"[0.7388942640503493,0.2611057359496507]"
15459,1,0.0,"[0.7122357586465613,0.2877642413534387]"
15460,1,0.0,"[0.7039962532068136,0.2960037467931864]"
15465,1,0.0,"[0.5914820718592201,0.4085179281407799]"
15466,0,0.0,"[0.7419306749403791,0.25806932505962094]"
15469,1,0.0,"[0.6212804014608511,0.378719598539149]"
15470,0,0.0,"[0.8317205918787889,0.16827940812121123]"
15480,0,0.0,"[0.6680483215379764,0.3319516784620235]"
15481,1,0.0,"[0.542758112112625,0.4572418878873751]"
15486,1,0.0,"[0.7164389620418766,0.2835610379581232]"
15498,0,0.0,"[0.7421244251717377,0.2578755748282624]"
15500,0,0.0,"[0.8149689665956422,0.1850310334043577]"
15502,1,0.0,"[0.7476199664571784,0.2523800335428217]"
15515,1,0.0,"[0.6564427175045371,0.343557282495463]"
15522,0,0.0,"[0.5957895404813289,0.40421045951867113]"
15523,0,0.0,"[0.6068382632513932,0.39316173674860677]"
15525,0,0.0,"[0.6976063539421429,0.3023936460578571]"
15537,0,0.0,"[0.8625398067171672,0.13746019328283285]"
15548,0,0.0,"[0.7793095676997968,0.22069043230020327]"
15549,0,0.0,"[0.8218072775326588,0.1781927224673411]"
15550,1,0.0,"[0.65441044464675,0.3455895553532501]"
15559,1,0.0,"[0.58530495153678,0.4146950484632201]"
15560,1,1.0,"[0.43820285946606335,0.5617971405339367]"
15565,1,0.0,"[0.5900240518768475,0.40997594812315263]"
15567,0,0.0,"[0.7403279114014626,0.25967208859853746]"
15569,1,0.0,"[0.6277756132924044,0.37222438670759567]"
15575,1,0.0,"[0.8115897128066919,0.18841028719330807]"
15579,0,0.0,"[0.716026414815611,0.283973585184389]"
15582,1,0.0,"[0.6545725780047212,0.34542742199527887]"
15587,0,0.0,"[0.7265181966851735,0.27348180331482635]"
15593,1,1.0,"[0.41994760328598896,0.5800523967140111]"
15598,1,0.0,"[0.862592867522409,0.13740713247759098]"
15602,0,0.0,"[0.8182360821496647,0.1817639178503353]"
15614,1,0.0,"[0.507344813798664,0.49265518620133597]"
15618,0,0.0,"[0.675286605460375,0.3247133945396251]"
15625,1,0.0,"[0.7642331180388929,0.2357668819611071]"
15629,1,1.0,"[0.4776992882129991,0.5223007117870008]"
15647,0,0.0,"[0.6797365500349982,0.3202634499650017]"
15653,0,0.0,"[0.867341168220011,0.13265883177998905]"
15658,0,0.0,"[0.6948468514859186,0.3051531485140814]"
15663,0,0.0,"[0.7623550218410137,0.23764497815898628]"
15669,1,0.0,"[0.6643033207680682,0.3356966792319319]"
15676,0,0.0,"[0.7053119681714226,0.2946880318285772]"
15677,1,0.0,"[0.7797241641433517,0.22027583585664837]"
15679,0,0.0,"[0.8708612045029182,0.12913879549708177]"
15686,0,0.0,"[0.5615800443160655,0.4384199556839346]"
15692,0,0.0,"[0.7448238871703078,0.25517611282969227]"
15696,0,0.0,"[0.8615538138335912,0.13844618616640875]"
15697,0,0.0,"[0.8321213145692068,0.16787868543079318]"
15700,0,0.0,"[0.6595965700317716,0.34040342996822837]"
15709,0,0.0,"[0.507567600044741,0.49243239995525895]"
15716,0,0.0,"[0.7917144572031495,0.20828554279685046]"
15722,0,0.0,"[0.6162763334420245,0.3837236665579754]"
15727,1,0.0,"[0.6699331502267188,0.3300668497732812]"
15729,1,0.0,"[0.7353545635834315,0.26464543641656846]"
15734,1,0.0,"[0.7633713981393542,0.2366286018606459]"
15740,1,0.0,"[0.6833022702784217,0.3166977297215783]"
15748,1,0.0,"[0.5763363779261792,0.4236636220738208]"
15757,0,0.0,"[0.5968922632679239,0.4031077367320761]"
15758,0,0.0,"[0.7008293832332451,0.29917061676675494]"
15759,0,0.0,"[0.7737521293847422,0.22624787061525775]"
15763,0,0.0,"[0.7123992600089394,0.2876007399910607]"
15765,1,1.0,"[0.4984385423913196,0.5015614576086804]"
15776,0,0.0,"[0.7947903767530402,0.20520962324695988]"
15780,1,0.0,"[0.8398058987632385,0.1601941012367615]"
15787,0,0.0,"[0.6824781543291978,0.31752184567080216]"
15797,0,0.0,"[0.5788362887745927,0.4211637112254073]"
15799,0,0.0,"[0.6944189476347716,0.3055810523652285]"
15801,0,0.0,"[0.8653471585206716,0.13465284147932846]"
15803,0,0.0,"[0.7588327772247567,0.24116722277524327]"
15804,0,0.0,"[0.8151854147115454,0.18481458528845465]"
15805,1,0.0,"[0.5418297261721814,0.45817027382781855]"
15807,1,0.0,"[0.7724185770732528,0.22758142292674732]"
15809,0,0.0,"[0.6301429105176573,0.3698570894823428]"
15813,0,0.0,"[0.8669829956130051,0.13301700438699499]"
15815,0,0.0,"[0.7324550034769108,0.2675449965230892]"
15819,0,0.0,"[0.7311956571653367,0.2688043428346633]"
15823,0,0.0,"[0.8331069495788632,0.16689305042113672]"
15825,0,1.0,"[0.44433335309700916,0.5556666469029907]"
15831,0,0.0,"[0.7590589996477765,0.24094100035222363]"
15837,0,0.0,"[0.6629129277974305,0.3370870722025694]"
15839,0,0.0,"[0.7134046802343873,0.2865953197656127]"
15858,1,0.0,"[0.6189399173766998,0.38106008262330016]"
15859,0,0.0,"[0.6355187528490692,0.3644812471509308]"
15861,0,0.0,"[0.5042010513557263,0.49579894864427376]"
15873,0,0.0,"[0.7979203893052242,0.20207961069477567]"
15875,1,0.0,"[0.6411783974900248,0.35882160250997525]"
15883,0,0.0,"[0.764298762848078,0.23570123715192196]"
15887,0,0.0,"[0.8715073875221527,0.1284926124778472]"
15897,0,0.0,"[0.8458770820737702,0.15412291792622979]"
15913,0,0.0,"[0.7524722693583055,0.24752773064169462]"
15944,1,0.0,"[0.5016853714725263,0.49831462852747366]"
15945,0,0.0,"[0.6445963147594242,0.3554036852405758]"
15949,1,0.0,"[0.6763826441806052,0.3236173558193947]"
15966,0,0.0,"[0.5907688587055195,0.40923114129448057]"
15979,1,0.0,"[0.7654639631650029,0.23453603683499713]"
15981,1,1.0,"[0.4971359495047403,0.5028640504952597]"
15982,1,0.0,"[0.5537942550274277,0.44620574497257226]"
15984,1,0.0,"[0.6439501079505914,0.3560498920494087]"
15989,1,0.0,"[0.6795473184909558,0.32045268150904405]"
16000,1,0.0,"[0.7910733469298062,0.20892665307019379]"
16006,0,0.0,"[0.7799825939822225,0.22001740601777744]"
16008,1,0.0,"[0.5107835679287989,0.48921643207120125]"
16012,0,0.0,"[0.5834135995777212,0.41658640042227885]"
16021,0,0.0,"[0.718086646298136,0.281913353701864]"
16023,1,1.0,"[0.47116737941410225,0.5288326205858978]"
16031,1,0.0,"[0.7226436550447987,0.2773563449552013]"
16039,0,0.0,"[0.6236609137951846,0.37633908620481527]"
16040,1,1.0,"[0.4532795623298758,0.5467204376701241]"
16055,0,0.0,"[0.7762485303523752,0.2237514696476248]"
16057,1,0.0,"[0.5234675629864886,0.4765324370135115]"
16058,0,0.0,"[0.7092477811487174,0.29075221885128255]"
16064,0,0.0,"[0.7716368909345181,0.22836310906548185]"
16066,0,0.0,"[0.8245678397026939,0.1754321602973062]"
16080,1,0.0,"[0.7730743614184156,0.22692563858158438]"
16084,0,0.0,"[0.7651624963258722,0.23483750367412787]"
16088,1,0.0,"[0.7264439728311819,0.2735560271688181]"
16106,0,0.0,"[0.5317450275718767,0.4682549724281234]"
16112,0,0.0,"[0.5234970999693069,0.4765029000306931]"
16113,0,0.0,"[0.658714614243386,0.3412853857566141]"
16121,0,0.0,"[0.6623206517951843,0.3376793482048158]"
16127,1,0.0,"[0.630657446545929,0.36934255345407097]"
16128,0,0.0,"[0.7397773160257508,0.2602226839742493]"
16129,0,0.0,"[0.665667821643333,0.33433217835666684]"
16130,0,0.0,"[0.5573761437421276,0.4426238562578723]"
16138,0,0.0,"[0.6632058158385509,0.3367941841614491]"
16141,0,0.0,"[0.6547069199327671,0.34529308006723297]"
16142,1,0.0,"[0.7677580605694247,0.23224193943057533]"
16144,0,0.0,"[0.7441274997803821,0.255872500219618]"
16148,0,0.0,"[0.741725150408275,0.2582748495917249]"
16150,0,0.0,"[0.729352903527877,0.27064709647212304]"
16156,0,0.0,"[0.7571078193655686,0.24289218063443144]"
16157,1,0.0,"[0.8425287849331232,0.15747121506687667]"
16160,0,0.0,"[0.7742854540338219,0.22571454596617807]"
16164,0,0.0,"[0.8036729151988471,0.1963270848011529]"
16166,1,0.0,"[0.7572163091163006,0.24278369088369953]"
16179,0,1.0,"[0.4761287439850209,0.5238712560149791]"
16181,0,0.0,"[0.8539775816112406,0.14602241838875935]"
16190,0,0.0,"[0.8157380669263713,0.18426193307362873]"
16213,0,0.0,"[0.7865283773451908,0.2134716226548093]"
16216,0,0.0,"[0.8066780632477822,0.19332193675221765]"
16217,1,0.0,"[0.7771456241778801,0.22285437582211984]"
16220,1,1.0,"[0.4261909723152247,0.5738090276847753]"
16227,0,0.0,"[0.7764605975893061,0.223539402410694]"
16228,1,0.0,"[0.6825495749407725,0.31745042505922744]"
16242,1,0.0,"[0.5835460848229272,0.41645391517707264]"
16248,1,0.0,"[0.5130298643034448,0.48697013569655534]"
16251,1,0.0,"[0.5287922027730884,0.4712077972269117]"
16254,0,0.0,"[0.8397184842177485,0.16028151578225147]"
16265,0,0.0,"[0.5000327634674748,0.4999672365325252]"
16266,0,0.0,"[0.5701928022654554,0.4298071977345445]"
16273,1,0.0,"[0.6842588721932699,0.31574112780673014]"
16274,0,0.0,"[0.8839167376337213,0.11608326236627872]"
16275,0,0.0,"[0.6247732931086813,0.3752267068913186]"
16277,0,0.0,"[0.8215048631119651,0.17849513688803473]"
16282,1,0.0,"[0.528577728990812,0.47142227100918804]"
16284,1,0.0,"[0.5882871528358572,0.4117128471641428]"
16285,0,0.0,"[0.7627035637265918,0.2372964362734082]"
16287,0,0.0,"[0.6961567476532993,0.3038432523467008]"
16295,1,0.0,"[0.7660423633692228,0.23395763663077712]"
16304,0,0.0,"[0.6270739885466692,0.3729260114533308]"
16341,0,0.0,"[0.8316066715762719,0.1683933284237282]"
16342,0,0.0,"[0.8080868991059799,0.19191310089402008]"
16346,0,0.0,"[0.7456287841095509,0.25437121589044914]"
16347,1,0.0,"[0.5153312476652284,0.48466875233477147]"
16350,0,0.0,"[0.774952063635441,0.22504793636455905]"
16351,0,0.0,"[0.8343590595190185,0.16564094048098146]"
16365,0,0.0,"[0.8811956714670222,0.11880432853297779]"
16366,1,0.0,"[0.5265746575924245,0.47342534240757556]"
16367,0,0.0,"[0.7369334497628414,0.2630665502371587]"
16368,0,0.0,"[0.7904245493941975,0.20957545060580257]"
16375,1,0.0,"[0.6798858780684952,0.3201141219315049]"
16378,0,0.0,"[0.8492879678366975,0.1507120321633026]"
16380,1,0.0,"[0.5049327064650991,0.4950672935349009]"
16383,1,0.0,"[0.6921861621889445,0.3078138378110555]"
16387,0,0.0,"[0.8225571701581709,0.17744282984182924]"
16389,0,0.0,"[0.7984859870463021,0.20151401295369795]"
16393,0,0.0,"[0.6740722529657246,0.32592774703427546]"
16396,0,0.0,"[0.6827896736997681,0.31721032630023194]"
16408,0,0.0,"[0.7254546257592897,0.27454537424071046]"
16410,0,0.0,"[0.7897641459756128,0.21023585402438716]"
16413,0,0.0,"[0.8326522917997643,0.16734770820023573]"
16425,0,0.0,"[0.6850340205002201,0.31496597949977995]"
16434,0,1.0,"[0.4371955037397352,0.5628044962602647]"
16435,0,0.0,"[0.7439444142748924,0.25605558572510745]"
16438,0,0.0,"[0.7387276728613345,0.2612723271386655]"
16443,0,0.0,"[0.5761858541497239,0.423814145850276]"
16451,0,0.0,"[0.6982774939084841,0.3017225060915159]"
16452,1,1.0,"[0.49624172604463507,0.5037582739553649]"
16454,0,0.0,"[0.7227557168682266,0.2772442831317734]"
16463,1,0.0,"[0.7374775652981868,0.2625224347018132]"
16467,1,0.0,"[0.7098476237948574,0.29015237620514245]"
16474,0,0.0,"[0.8172688442747744,0.18273115572522558]"
16480,0,0.0,"[0.7030615604575277,0.29693843954247245]"
16489,0,0.0,"[0.8754731717978268,0.12452682820217317]"
16495,0,0.0,"[0.7876606039058048,0.21233939609419514]"
16505,0,0.0,"[0.7573603782998567,0.24263962170014325]"
16507,1,0.0,"[0.7748121756774354,0.2251878243225646]"
16510,0,0.0,"[0.6142091678276993,0.38579083217230076]"
16511,0,0.0,"[0.7297843393150403,0.27021566068495984]"
16512,1,0.0,"[0.7643913755028507,0.23560862449714928]"
16520,0,0.0,"[0.6913173349240199,0.3086826650759802]"
16522,0,0.0,"[0.7828454509334761,0.21715454906652382]"
16524,0,0.0,"[0.8332426070653921,0.166757392934608]"
16529,0,0.0,"[0.8275338207334595,0.1724661792665405]"
16530,0,0.0,"[0.7886787643057634,0.2113212356942365]"
16537,0,0.0,"[0.6940198574868088,0.3059801425131912]"
16548,0,0.0,"[0.7256720773269352,0.27432792267306483]"
16551,0,0.0,"[0.6791498651530298,0.3208501348469701]"
16552,0,0.0,"[0.8564643951184243,0.14353560488157568]"
16555,1,0.0,"[0.6630150722398318,0.3369849277601682]"
16561,1,1.0,"[0.37277819027858794,0.6272218097214122]"
16562,0,0.0,"[0.6904767430426213,0.30952325695737865]"
16577,0,0.0,"[0.5077373195609143,0.4922626804390856]"
16579,1,0.0,"[0.6949177496520598,0.3050822503479402]"
16582,0,0.0,"[0.8171387358255604,0.18286126417443957]"
16596,0,0.0,"[0.8188669306267922,0.18113306937320783]"
16605,0,1.0,"[0.4307751083421343,0.5692248916578656]"
16607,0,0.0,"[0.8449773386004947,0.15502266139950532]"
16622,0,0.0,"[0.797655145147409,0.20234485485259104]"
16625,1,1.0,"[0.4805396905991559,0.5194603094008441]"
16630,1,0.0,"[0.7237737227096308,0.2762262772903693]"
16633,0,0.0,"[0.745875878964991,0.25412412103500903]"
16636,0,0.0,"[0.6647191693270281,0.33528083067297176]"
16643,0,0.0,"[0.7629338210182476,0.23706617898175247]"
16647,0,0.0,"[0.5951685753928984,0.4048314246071017]"
16650,0,0.0,"[0.6957382947365032,0.3042617052634968]"
16651,1,0.0,"[0.7289844585794955,0.2710155414205045]"
16654,1,0.0,"[0.6267418875954983,0.3732581124045017]"
16656,0,0.0,"[0.7854124241554175,0.21458757584458255]"
16658,1,0.0,"[0.6096653980201693,0.39033460197983066]"
16675,0,0.0,"[0.6269952574189843,0.37300474258101574]"
16680,0,0.0,"[0.71068767982058,0.28931232017942005]"
16683,0,0.0,"[0.735209688600255,0.264790311399745]"
16691,0,0.0,"[0.7094126487161425,0.2905873512838575]"
16693,0,0.0,"[0.6637596474720016,0.3362403525279985]"
16699,1,0.0,"[0.7917913783258738,0.20820862167412627]"
16705,1,0.0,"[0.8382601542613813,0.16173984573861863]"
16707,1,0.0,"[0.592226676390556,0.407773323609444]"
16710,1,1.0,"[0.3512064148440736,0.6487935851559264]"
16712,0,0.0,"[0.818175837588295,0.18182416241170493]"
16721,0,0.0,"[0.8026835715808334,0.19731642841916666]"
16726,0,0.0,"[0.6424045721164722,0.35759542788352777]"
16729,0,0.0,"[0.6762875637625287,0.32371243623747126]"
16731,0,0.0,"[0.5547386952062684,0.44526130479373166]"
16744,0,0.0,"[0.5389843271832349,0.46101567281676525]"
16745,0,0.0,"[0.6000919358848918,0.3999080641151081]"
16747,0,0.0,"[0.6454876684880865,0.3545123315119136]"
16759,1,0.0,"[0.7914076369780659,0.20859236302193399]"
16763,0,1.0,"[0.4246951059145088,0.5753048940854911]"
16765,0,0.0,"[0.7511937138694736,0.2488062861305263]"
16767,0,0.0,"[0.7752337024755078,0.22476629752449212]"
16768,1,0.0,"[0.7409707006873999,0.25902929931260016]"
16771,0,0.0,"[0.6556879393349586,0.3443120606650414]"
16779,1,0.0,"[0.8423978265678433,0.1576021734321567]"
16794,1,0.0,"[0.5596740935566854,0.44032590644331465]"
16800,1,0.0,"[0.7412067924348859,0.2587932075651142]"
16801,0,0.0,"[0.5830471484866555,0.4169528515133445]"
16802,1,0.0,"[0.8013715808902612,0.1986284191097388]"
16803,1,0.0,"[0.7527161814534181,0.24728381854658196]"
16806,0,0.0,"[0.7670267390793803,0.2329732609206197]"
16812,1,0.0,"[0.8280139373472699,0.17198606265273014]"
16816,0,0.0,"[0.808855193814558,0.1911448061854421]"
16827,0,0.0,"[0.7847222802625334,0.21527771973746668]"
16828,0,0.0,"[0.734057011930003,0.265942988069997]"
16830,1,0.0,"[0.7418043872230394,0.25819561277696046]"
16833,0,0.0,"[0.6216945942405679,0.37830540575943206]"
16835,0,0.0,"[0.6159796848146963,0.3840203151853036]"
16837,0,0.0,"[0.7850064160897233,0.21499358391027676]"
16842,1,0.0,"[0.7493389474823169,0.25066105251768317]"
16846,1,0.0,"[0.6545062368408697,0.3454937631591303]"
16847,0,0.0,"[0.7577518608352112,0.2422481391647888]"
16886,0,0.0,"[0.7036257194323929,0.29637428056760706]"
16890,1,0.0,"[0.7874010428312669,0.21259895716873306]"
16898,1,0.0,"[0.6705125283441807,0.3294874716558194]"
16899,1,0.0,"[0.5388774650410836,0.4611225349589165]"
16900,1,1.0,"[0.49718405112846775,0.5028159488715322]"
16901,1,0.0,"[0.8024364878249243,0.1975635121750758]"
16903,1,0.0,"[0.7546944124238297,0.24530558757617024]"
16906,0,0.0,"[0.6760158608553881,0.3239841391446119]"
16907,0,0.0,"[0.8472857268354217,0.15271427316457842]"
16920,0,0.0,"[0.7484747299828461,0.2515252700171539]"
16922,0,0.0,"[0.7277039637743143,0.27229603622568566]"
16923,1,0.0,"[0.7910260004939704,0.20897399950602946]"
16924,0,0.0,"[0.8376532710556035,0.16234672894439658]"
16929,0,0.0,"[0.6827566098952527,0.3172433901047472]"
16931,0,0.0,"[0.7373536348771973,0.2626463651228027]"
16939,1,0.0,"[0.6376165801646966,0.3623834198353033]"
16943,0,0.0,"[0.5543429595122316,0.4456570404877683]"
16950,0,0.0,"[0.8355003631972695,0.1644996368027305]"
16957,1,0.0,"[0.7750712113462268,0.22492878865377317]"
16959,1,1.0,"[0.4999307867668843,0.5000692132331157]"
16975,1,0.0,"[0.6685617060638994,0.3314382939361005]"
16980,0,0.0,"[0.7797488455506432,0.22025115444935675]"
16984,0,0.0,"[0.7315409736599602,0.26845902634003976]"
16987,0,0.0,"[0.7668328590406117,0.23316714095938829]"
16993,0,0.0,"[0.6805768050118096,0.31942319498819044]"
16997,0,0.0,"[0.8525925244183696,0.1474074755816304]"
17000,0,0.0,"[0.7825708307768562,0.21742916922314384]"
17002,1,1.0,"[0.39358308313838397,0.6064169168616161]"
17003,0,0.0,"[0.546800461885881,0.45319953811411884]"
17007,0,0.0,"[0.717714070869357,0.2822859291306429]"
17010,0,0.0,"[0.6717714633239317,0.32822853667606844]"
17011,1,1.0,"[0.36979024622946427,0.6302097537705357]"
17016,0,0.0,"[0.5812928062826794,0.41870719371732057]"
17028,0,0.0,"[0.8514300061636809,0.14856999383631916]"
17030,0,0.0,"[0.7593132639680188,0.24068673603198126]"
17032,1,1.0,"[0.47126775465015297,0.5287322453498469]"
17033,0,0.0,"[0.839509015878471,0.16049098412152885]"
17038,0,0.0,"[0.6614562009184817,0.3385437990815183]"
17039,0,0.0,"[0.6474236595367999,0.3525763404632001]"
17045,1,0.0,"[0.6447521746328072,0.3552478253671927]"
17048,0,0.0,"[0.7584726393777507,0.24152736062224928]"
17049,0,0.0,"[0.7372379514132718,0.2627620485867283]"
17051,1,0.0,"[0.7973710823107125,0.20262891768928745]"
17056,0,0.0,"[0.7013354968825726,0.29866450311742754]"
17062,0,0.0,"[0.7782194761646207,0.2217805238353793]"
17063,0,0.0,"[0.6472718781164946,0.35272812188350544]"
17073,0,0.0,"[0.7669014682751703,0.23309853172482964]"
17074,0,0.0,"[0.8103094423205807,0.18969055767941925]"
17076,1,0.0,"[0.8156738337969841,0.1843261662030158]"
17077,1,0.0,"[0.6781725344821041,0.3218274655178959]"
17079,0,0.0,"[0.6814588478757,0.3185411521243001]"
17090,0,0.0,"[0.6648972696338309,0.33510273036616917]"
17098,0,0.0,"[0.8000752151011187,0.1999247848988812]"
17100,0,0.0,"[0.855491995949702,0.1445080040502979]"
17111,1,0.0,"[0.5658798889964815,0.43412011100351844]"
17114,1,0.0,"[0.6987185551512806,0.3012814448487196]"
17116,1,0.0,"[0.6120069738664101,0.38799302613358977]"
17117,1,0.0,"[0.5056669683035301,0.4943330316964699]"
17123,0,0.0,"[0.7233519801665828,0.2766480198334173]"
17127,0,1.0,"[0.49924382419978125,0.5007561758002187]"
17135,0,0.0,"[0.6685067727169486,0.3314932272830515]"
17140,1,0.0,"[0.819788442675515,0.1802115573244851]"
17141,0,0.0,"[0.7623728612912299,0.23762713870877003]"
17151,0,0.0,"[0.8044243166520221,0.19557568334797795]"
17154,0,0.0,"[0.7387866451641916,0.2612133548358085]"
17158,1,0.0,"[0.5448149688984462,0.4551850311015537]"
17161,0,0.0,"[0.7193591827015476,0.2806408172984524]"
17169,1,0.0,"[0.5255604504035073,0.4744395495964927]"
17170,1,0.0,"[0.5620981512778038,0.4379018487221962]"
17172,1,0.0,"[0.6467262689076819,0.353273731092318]"
17173,0,0.0,"[0.8475418787067927,0.15245812129320732]"
17175,0,0.0,"[0.8711707507746661,0.1288292492253339]"
17182,1,1.0,"[0.4938835204605448,0.5061164795394553]"
17185,0,0.0,"[0.8612887523671154,0.13871124763288448]"
17201,0,0.0,"[0.8498550633495202,0.1501449366504797]"
17204,0,0.0,"[0.8044641145977641,0.1955358854022359]"
17213,1,0.0,"[0.7319409773508823,0.26805902264911774]"
17222,1,0.0,"[0.6523789558503527,0.34762104414964745]"
17223,1,0.0,"[0.6116995049051265,0.3883004950948736]"
17230,1,1.0,"[0.4736146687260876,0.5263853312739125]"
17234,0,0.0,"[0.8043997279906242,0.19560027200937566]"
17236,1,0.0,"[0.7195125711283601,0.28048742887164]"
17243,1,0.0,"[0.6889473824273917,0.31105261757260827]"
17249,0,0.0,"[0.7140442397582475,0.28595576024175257]"
17255,1,0.0,"[0.8074217694298599,0.1925782305701401]"
17268,0,0.0,"[0.8045172497186445,0.19548275028135556]"
17269,1,0.0,"[0.6777499864157766,0.3222500135842235]"
17271,1,0.0,"[0.6552843464987396,0.34471565350126043]"
17277,0,0.0,"[0.6205382649788922,0.3794617350211078]"
17279,1,0.0,"[0.6900752903939792,0.30992470960602087]"
17283,1,0.0,"[0.5357238126576914,0.4642761873423087]"
17285,0,0.0,"[0.7416634097025622,0.2583365902974379]"
17288,0,0.0,"[0.6225666244705063,0.37743337552949363]"
17292,1,0.0,"[0.5405000199608866,0.4594999800391134]"
17295,1,0.0,"[0.7948353701162789,0.20516462988372097]"
17301,1,0.0,"[0.5877208732826781,0.41227912671732186]"
17302,0,1.0,"[0.3797016797899392,0.6202983202100608]"
17304,0,0.0,"[0.6586581550003195,0.3413418449996805]"
17305,1,0.0,"[0.8076436936185677,0.19235630638143233]"
17308,0,0.0,"[0.7384906024629979,0.26150939753700203]"
17311,0,0.0,"[0.746183143533093,0.25381685646690705]"
17313,0,0.0,"[0.7639857078959132,0.23601429210408678]"
17315,0,0.0,"[0.7547009178191473,0.24529908218085272]"
17317,0,0.0,"[0.8507601864341668,0.1492398135658332]"
17323,0,0.0,"[0.7233813429375696,0.2766186570624305]"
17339,1,0.0,"[0.6890092707926232,0.31099072920737686]"
17344,1,0.0,"[0.767408205186841,0.23259179481315886]"
17356,1,0.0,"[0.7377697278531973,0.26223027214680267]"
17358,0,0.0,"[0.6935883221337391,0.3064116778662608]"
17362,1,0.0,"[0.8101551385921394,0.1898448614078606]"
17367,1,0.0,"[0.7904526683121204,0.20954733168787965]"
17372,0,0.0,"[0.5960506668996478,0.4039493331003522]"
17373,0,0.0,"[0.5867198966146283,0.41328010338537163]"
17376,1,1.0,"[0.421534313489241,0.5784656865107591]"
17377,1,0.0,"[0.6657483099561565,0.3342516900438435]"
17379,1,0.0,"[0.653571256467938,0.34642874353206204]"
17380,0,0.0,"[0.7971161126032013,0.20288388739679877]"
17384,0,0.0,"[0.8903202464477106,0.1096797535522894]"
17386,0,0.0,"[0.8717972505528381,0.12820274944716203]"
17389,0,0.0,"[0.7523479532567559,0.24765204674324423]"
17393,0,0.0,"[0.7096734198065424,0.2903265801934576]"
17394,0,0.0,"[0.7461881184346975,0.25381188156530254]"
17408,1,0.0,"[0.5295688228229612,0.47043117717703875]"
17415,1,0.0,"[0.7150714921512986,0.28492850784870144]"
17433,0,0.0,"[0.7549726707790945,0.24502732922090545]"
17435,0,0.0,"[0.7055295829073012,0.29447041709269894]"
17446,0,0.0,"[0.6580250426805568,0.3419749573194432]"
17450,0,0.0,"[0.6001720074664059,0.3998279925335942]"
17451,0,0.0,"[0.7972706329765645,0.20272936702343555]"
17459,0,0.0,"[0.8154497128157733,0.18455028718422675]"
17461,1,1.0,"[0.47566613937142005,0.5243338606285799]"
17464,0,0.0,"[0.8425235224895807,0.15747647751041932]"
17465,0,0.0,"[0.6552153165526143,0.3447846834473857]"
17470,0,0.0,"[0.8123178320482093,0.18768216795179082]"
17471,0,0.0,"[0.5609965010711118,0.43900349892888824]"
17474,0,0.0,"[0.855718767479728,0.14428123252027203]"
17480,0,0.0,"[0.7758859815753311,0.22411401842466905]"
17482,1,0.0,"[0.7962166154177727,0.20378338458222725]"
17483,1,0.0,"[0.6485245916772356,0.35147540832276447]"
17490,0,0.0,"[0.8015543624105286,0.19844563758947145]"
17492,0,0.0,"[0.7295655503859667,0.2704344496140334]"
17493,1,0.0,"[0.5317231046816671,0.46827689531833283]"
17494,0,0.0,"[0.6997521996513169,0.3002478003486831]"
17496,0,0.0,"[0.5545050173322732,0.44549498266772675]"
17507,0,0.0,"[0.880519984863955,0.1194800151360449]"
17508,0,0.0,"[0.7969793638786629,0.2030206361213372]"
17510,1,1.0,"[0.46708738967572355,0.5329126103242765]"
17514,0,0.0,"[0.6363431460575341,0.36365685394246594]"
17518,0,0.0,"[0.8652304245563124,0.13476957544368753]"
17519,0,0.0,"[0.7647186414517639,0.23528135854823598]"
17524,0,1.0,"[0.355427799157388,0.6445722008426121]"
17533,0,0.0,"[0.7106958850177078,0.28930411498229225]"
17535,1,0.0,"[0.7053660480266063,0.2946339519733938]"
17538,0,0.0,"[0.5966748205462918,0.40332517945370816]"
17546,0,0.0,"[0.7997097432472707,0.2002902567527292]"
17547,1,0.0,"[0.7561051904901815,0.24389480950981848]"
17548,0,0.0,"[0.55522410250401,0.44477589749599]"
17553,0,0.0,"[0.7833045568674275,0.21669544313257236]"
17556,0,0.0,"[0.5449215257299812,0.45507847427001885]"
17563,1,0.0,"[0.8291892344093863,0.17081076559061367]"
17569,0,0.0,"[0.8290092672685262,0.17099073273147375]"
17570,0,0.0,"[0.8623648493818517,0.13763515061814832]"
17572,0,0.0,"[0.67366682557554,0.32633317442446]"
17585,0,0.0,"[0.6550257681439807,0.3449742318560193]"
17590,0,0.0,"[0.5642752938489723,0.43572470615102776]"
17596,0,0.0,"[0.7367078663640948,0.26329213363590515]"
17606,0,0.0,"[0.8342094741666769,0.1657905258333231]"
17610,0,0.0,"[0.809476314128299,0.19052368587170102]"
17614,1,0.0,"[0.5372630472687435,0.4627369527312565]"
17618,1,0.0,"[0.7141176459766068,0.2858823540233933]"
17620,0,0.0,"[0.6489478019644158,0.35105219803558413]"
17626,0,0.0,"[0.770392004464019,0.22960799553598094]"
17631,1,0.0,"[0.6060438362536564,0.39395616374634357]"
17639,0,1.0,"[0.4372838177067273,0.5627161822932726]"
17641,0,0.0,"[0.8448199081358425,0.15518009186415757]"
17643,0,0.0,"[0.7672581266252838,0.23274187337471622]"
17645,0,0.0,"[0.7117171137081275,0.28828288629187254]"
17646,0,0.0,"[0.7024010513055905,0.29759894869440945]"
17659,1,0.0,"[0.675164114944012,0.32483588505598804]"
17677,0,0.0,"[0.7887597415130378,0.2112402584869622]"
17679,0,0.0,"[0.6726911395366947,0.32730886046330526]"
17680,1,0.0,"[0.646863280159224,0.353136719840776]"
17686,0,0.0,"[0.7461486492045866,0.25385135079541354]"
17688,0,0.0,"[0.7559508374997407,0.2440491625002594]"
17689,0,0.0,"[0.8371669000056075,0.16283309999439258]"
17696,0,0.0,"[0.8098741092626579,0.190125890737342]"
17703,0,0.0,"[0.7274967946863201,0.27250320531367994]"
17711,0,0.0,"[0.6274003288842737,0.3725996711157264]"
17726,1,0.0,"[0.6473298118688648,0.35267018813113515]"
17731,0,0.0,"[0.8418337197524587,0.1581662802475413]"
17735,1,0.0,"[0.5084852001213062,0.4915147998786937]"
17748,0,0.0,"[0.6427567932501407,0.3572432067498593]"
17756,0,0.0,"[0.7789454035561114,0.22105459644388858]"
17763,1,0.0,"[0.6143794257125652,0.38562057428743474]"
17764,0,0.0,"[0.7263867942953949,0.273613205704605]"
17779,0,0.0,"[0.7768539208377467,0.22314607916225337]"
17780,0,0.0,"[0.7212212268930381,0.27877877310696175]"
17782,0,0.0,"[0.7935561675088344,0.20644383249116563]"
17783,0,0.0,"[0.7964159866990395,0.20358401330096057]"
17784,0,0.0,"[0.7833130551052553,0.21668694489474463]"
17797,0,0.0,"[0.8251154863506844,0.17488451364931562]"
17799,0,0.0,"[0.6851910946714812,0.31480890532851885]"
17801,0,0.0,"[0.6327549203717963,0.3672450796282037]"
17803,1,0.0,"[0.7936120328459447,0.20638796715405533]"
17804,1,0.0,"[0.7616525586991676,0.23834744130083227]"
17807,1,0.0,"[0.6217427794237654,0.3782572205762345]"
17813,0,0.0,"[0.7079855281626141,0.2920144718373859]"
17814,0,0.0,"[0.6873041361065628,0.3126958638934371]"
17822,1,0.0,"[0.8218962549795237,0.17810374502047638]"
17842,1,1.0,"[0.4753799547197777,0.5246200452802223]"
17843,0,0.0,"[0.8672347815020239,0.13276521849797612]"
17861,1,0.0,"[0.7001339523108583,0.29986604768914166]"
17862,1,0.0,"[0.5121470846784923,0.4878529153215076]"
17866,1,0.0,"[0.6222400944044614,0.3777599055955387]"
17867,0,0.0,"[0.7805081879192702,0.21949181208072976]"
17868,0,0.0,"[0.7916493011548319,0.2083506988451681]"
17872,0,0.0,"[0.7027286505846393,0.29727134941536076]"
17876,0,0.0,"[0.8436074397146585,0.15639256028534157]"
17877,0,0.0,"[0.7691233013711966,0.23087669862880353]"
17883,0,0.0,"[0.8157564391617438,0.18424356083825627]"
17884,0,0.0,"[0.6380914781665581,0.36190852183344185]"
17893,0,0.0,"[0.6879602988598785,0.3120397011401216]"
17894,1,0.0,"[0.6534047128245117,0.3465952871754884]"
17896,1,0.0,"[0.7543121930661134,0.24568780693388662]"
17898,0,0.0,"[0.7498955153300934,0.25010448466990665]"
17901,0,0.0,"[0.8284702657037328,0.17152973429626725]"
17906,0,0.0,"[0.794937176277318,0.205062823722682]"
17907,0,0.0,"[0.8391480909566783,0.1608519090433217]"
17911,0,0.0,"[0.7482739121985592,0.2517260878014409]"
17913,0,0.0,"[0.7262990005768423,0.27370099942315773]"
17928,0,0.0,"[0.7364193142169865,0.26358068578301364]"
17930,0,0.0,"[0.5815227961061429,0.4184772038938571]"
17936,0,0.0,"[0.6583317762441036,0.34166822375589645]"
17965,1,1.0,"[0.46598652881561103,0.534013471184389]"
17966,1,0.0,"[0.7993771739043568,0.2006228260956432]"
17967,0,0.0,"[0.7278394590703907,0.27216054092960934]"
17976,1,0.0,"[0.5460444645060489,0.453955535493951]"
17995,0,0.0,"[0.8041500650565443,0.1958499349434558]"
17997,0,0.0,"[0.7391327064649967,0.2608672935350033]"
17999,1,0.0,"[0.5231983996669977,0.4768016003330023]"
18003,1,1.0,"[0.4751067390620625,0.5248932609379375]"
18011,0,0.0,"[0.7947670121405237,0.20523298785947625]"
18012,1,0.0,"[0.6232776205267074,0.3767223794732926]"
18022,0,0.0,"[0.8846593075764819,0.11534069242351797]"
18025,1,0.0,"[0.6460566374207498,0.3539433625792501]"
18028,0,0.0,"[0.6947205298512334,0.30527947014876644]"
18030,0,0.0,"[0.6207001326191919,0.379299867380808]"
18034,0,0.0,"[0.8637494032044107,0.13625059679558926]"
18045,0,0.0,"[0.7497550420498352,0.2502449579501648]"
18046,0,0.0,"[0.8126796011637174,0.18732039883628263]"
18048,0,0.0,"[0.8293927630915536,0.17060723690844648]"
18059,0,0.0,"[0.7967939346828808,0.2032060653171192]"
18067,1,0.0,"[0.7845153795863079,0.21548462041369204]"
18073,0,0.0,"[0.6499025090953752,0.35009749090462483]"
18075,0,0.0,"[0.6220886357683391,0.37791136423166094]"
18076,1,0.0,"[0.5679227188462345,0.4320772811537654]"
18085,1,0.0,"[0.817599290943384,0.18240070905661596]"
18087,0,0.0,"[0.7841038953322423,0.21589610466775763]"
18090,0,0.0,"[0.6533585544970056,0.34664144550299436]"
18095,0,0.0,"[0.7412436258626427,0.25875637413735725]"
18105,1,0.0,"[0.5023515817191826,0.49764841828081735]"
18112,0,0.0,"[0.6270835480063854,0.3729164519936145]"
18116,0,0.0,"[0.6334260897479925,0.3665739102520073]"
18123,0,0.0,"[0.6720288243285849,0.32797117567141515]"
18129,0,0.0,"[0.585302034808964,0.41469796519103597]"
18134,0,0.0,"[0.728488615143589,0.27151138485641113]"
18136,0,0.0,"[0.8272101899658032,0.17278981003419686]"
18137,0,0.0,"[0.7845302257783319,0.21546977422166805]"
18138,0,0.0,"[0.5917549125266848,0.40824508747331517]"
18144,0,0.0,"[0.8037708845284207,0.19622911547157923]"
18153,1,0.0,"[0.5192230836516384,0.48077691634836145]"
18154,0,0.0,"[0.7631413045145625,0.2368586954854375]"
18165,1,0.0,"[0.6100664680469585,0.3899335319530415]"
18170,0,0.0,"[0.746310422605438,0.25368957739456194]"
18177,1,0.0,"[0.5167248926275315,0.4832751073724684]"
18180,0,0.0,"[0.5787071484198841,0.42129285158011576]"
18181,1,0.0,"[0.5872156858506153,0.4127843141493847]"
18182,1,0.0,"[0.5532255377431191,0.4467744622568809]"
18185,1,0.0,"[0.8187595273313768,0.1812404726686233]"
18188,0,0.0,"[0.7563453391767486,0.24365466082325143]"
18192,1,1.0,"[0.43277890633022226,0.5672210936697777]"
18201,0,0.0,"[0.5920692798940382,0.4079307201059617]"
18203,0,0.0,"[0.6377514283336725,0.36224857166632746]"
18207,0,0.0,"[0.7576890023186519,0.24231099768134812]"
18221,1,0.0,"[0.6130052517497814,0.3869947482502187]"
18230,0,0.0,"[0.8294151430094134,0.17058485699058648]"
18245,1,0.0,"[0.7449979324887072,0.25500206751129295]"
18246,1,0.0,"[0.802837983783483,0.19716201621651705]"
18254,1,0.0,"[0.6513598523293533,0.34864014767064655]"
18258,0,0.0,"[0.755004817755032,0.2449951822449679]"
18259,0,0.0,"[0.8135235879300823,0.18647641206991775]"
18267,1,0.0,"[0.767818925464239,0.23218107453576095]"
18273,1,0.0,"[0.7774233495139956,0.22257665048600445]"
18277,0,0.0,"[0.8494930052018625,0.15050699479813753]"
18284,0,1.0,"[0.49051757413261204,0.509482425867388]"
18287,0,0.0,"[0.6007740782534644,0.39922592174653554]"
18290,0,0.0,"[0.599620450128937,0.4003795498710631]"
18293,0,0.0,"[0.8507256760095896,0.14927432399041043]"
18295,0,0.0,"[0.6872291164078677,0.3127708835921324]"
18307,0,0.0,"[0.6968056570148712,0.30319434298512876]"
18314,1,0.0,"[0.783748718316961,0.216251281683039]"
18315,0,1.0,"[0.4162463778514456,0.5837536221485544]"
18320,0,0.0,"[0.8110451709740658,0.18895482902593416]"
18325,0,0.0,"[0.7535726997781188,0.24642730022188108]"
18326,0,0.0,"[0.7681205940573395,0.23187940594266063]"
18330,0,0.0,"[0.710551422690828,0.289448577309172]"
18344,0,0.0,"[0.6597846640738746,0.34021533592612546]"
18346,0,0.0,"[0.7966164719529614,0.20338352804703855]"
18348,1,0.0,"[0.8328823741761473,0.16711762582385273]"
18353,0,0.0,"[0.661736093017458,0.33826390698254205]"
18358,1,1.0,"[0.4001124499410395,0.5998875500589606]"
18373,0,0.0,"[0.845013737760429,0.1549862622395709]"
18379,1,0.0,"[0.6962818042952919,0.30371819570470815]"
18383,0,0.0,"[0.7430572939538111,0.2569427060461888]"
18399,0,0.0,"[0.840990232374786,0.15900976762521404]"
18400,0,0.0,"[0.7901591221668783,0.2098408778331217]"
18401,0,0.0,"[0.6536079068752979,0.3463920931247021]"
18406,0,0.0,"[0.7606726716163221,0.23932732838367787]"
18410,1,0.0,"[0.5281899602798952,0.4718100397201047]"
18415,0,0.0,"[0.6041746698192225,0.3958253301807775]"
18416,1,0.0,"[0.596105764700046,0.40389423529995405]"
18419,0,0.0,"[0.7754480852483373,0.2245519147516627]"
18422,0,0.0,"[0.8261856516688709,0.17381434833112905]"
18425,0,0.0,"[0.8346382156306711,0.1653617843693289]"
18430,0,0.0,"[0.5797475643511967,0.4202524356488032]"
18437,0,0.0,"[0.6904139661826197,0.3095860338173803]"
18440,0,0.0,"[0.7861738147512504,0.21382618524874966]"
18447,1,0.0,"[0.5183473046343913,0.48165269536560884]"
18452,0,0.0,"[0.7161008123457429,0.28389918765425715]"
18456,0,0.0,"[0.7770571505996657,0.22294284940033426]"
18459,0,0.0,"[0.7980124541034347,0.20198754589656534]"
18463,0,0.0,"[0.841472943149178,0.15852705685082202]"
18464,0,0.0,"[0.7996977558323156,0.20030224416768444]"
18478,0,0.0,"[0.8224203827336112,0.1775796172663889]"
18483,0,0.0,"[0.566736774133435,0.43326322586656496]"
18484,1,0.0,"[0.5211877424957085,0.4788122575042914]"
18500,0,0.0,"[0.7821564679407957,0.21784353205920431]"
18501,1,0.0,"[0.697064285043248,0.302935714956752]"
18503,0,0.0,"[0.8065018725149837,0.19349812748501627]"
18506,0,0.0,"[0.7940488866204347,0.20595111337956531]"
18513,0,0.0,"[0.5707544077659082,0.42924559223409176]"
18526,1,0.0,"[0.5352481847556302,0.46475181524436976]"
18534,0,0.0,"[0.8691823267655389,0.13081767323446117]"
18536,1,0.0,"[0.5649211623427447,0.4350788376572554]"
18537,1,0.0,"[0.5498311977509127,0.4501688022490872]"
18548,0,0.0,"[0.7744763965877108,0.22552360341228914]"
18555,0,0.0,"[0.5326457578804826,0.4673542421195175]"
18558,0,0.0,"[0.7689952737587059,0.23100472624129414]"
18560,1,0.0,"[0.6702823995504987,0.3297176004495013]"
18562,0,0.0,"[0.8214412976522798,0.17855870234772023]"
18563,1,0.0,"[0.7489597702128685,0.2510402297871315]"
18574,1,1.0,"[0.38644470219547344,0.6135552978045264]"
18581,0,0.0,"[0.8167919222944573,0.18320807770554284]"
18582,0,0.0,"[0.7300119196972841,0.269988080302716]"
18594,0,0.0,"[0.7306847274382133,0.26931527256178667]"
18596,0,0.0,"[0.8431124978922555,0.15688750210774444]"
18602,0,0.0,"[0.5359881208253439,0.4640118791746562]"
18604,0,0.0,"[0.7607173206026311,0.23928267939736883]"
18615,1,0.0,"[0.6938259976327642,0.30617400236723585]"
18617,1,0.0,"[0.5401977612362172,0.45980223876378273]"
18621,1,0.0,"[0.7197829892488259,0.28021701075117417]"
18623,0,0.0,"[0.6855592212052749,0.314440778794725]"
18629,1,0.0,"[0.5688362930874755,0.4311637069125245]"
18637,0,0.0,"[0.8424301036002105,0.15756989639978947]"
18639,0,0.0,"[0.6945172738546139,0.305482726145386]"
18650,0,0.0,"[0.5219929149262851,0.47800708507371487]"
18652,0,0.0,"[0.8539037997988529,0.14609620020114714]"
18656,1,1.0,"[0.4812015065668891,0.5187984934331108]"
18663,0,0.0,"[0.5164686850040212,0.4835313149959789]"
18665,0,0.0,"[0.6943829148792234,0.30561708512077657]"
18670,0,0.0,"[0.6323470862034316,0.36765291379656834]"
18679,0,0.0,"[0.7260980132549684,0.2739019867450317]"
18683,0,0.0,"[0.7079709938091716,0.29202900619082833]"
18693,0,0.0,"[0.7023045244579326,0.29769547554206754]"
18698,0,0.0,"[0.8061713340169466,0.19382866598305334]"
18699,0,0.0,"[0.836156040841018,0.1638439591589821]"
18705,0,0.0,"[0.7000959590734369,0.2999040409265631]"
18711,0,0.0,"[0.7737197763202437,0.22628022367975636]"
18725,1,0.0,"[0.6783296488379957,0.32167035116200415]"
18733,0,0.0,"[0.7179394601092954,0.28206053989070456]"
18738,1,0.0,"[0.8160978747799659,0.18390212522003413]"
18739,0,0.0,"[0.653624259488707,0.34637574051129294]"
18741,1,0.0,"[0.6642149369249806,0.3357850630750195]"
18742,0,0.0,"[0.5478207556120164,0.45217924438798357]"
18744,0,0.0,"[0.6073103013526204,0.39268969864737957]"
18747,0,0.0,"[0.754312229933007,0.24568777006699302]"
18749,1,0.0,"[0.5932006167014345,0.40679938329856535]"
18754,0,0.0,"[0.8557676725644897,0.1442323274355103]"
18760,0,0.0,"[0.7578107880699512,0.24218921193004897]"
18774,1,0.0,"[0.6109362247765336,0.38906377522346636]"
18786,0,0.0,"[0.7785618257815498,0.22143817421845027]"
18787,0,0.0,"[0.8801820080096284,0.11981799199037158]"
18793,0,0.0,"[0.7514398218735371,0.248560178126463]"
18798,1,1.0,"[0.3544170379321489,0.6455829620678512]"
18802,0,0.0,"[0.8307603830417826,0.16923961695821743]"
18809,0,0.0,"[0.5149444813584897,0.48505551864151036]"
18813,0,0.0,"[0.6405278512448703,0.35947214875512956]"
18816,0,0.0,"[0.8070824342130686,0.19291756578693156]"
18821,0,0.0,"[0.7904025485989101,0.20959745140108993]"
18822,0,0.0,"[0.7484874172514888,0.25151258274851124]"
18825,0,0.0,"[0.6157363308842074,0.38426366911579257]"
18826,0,0.0,"[0.8120785725179318,0.1879214274820683]"
18827,0,0.0,"[0.5958705832788859,0.40412941672111424]"
18830,1,0.0,"[0.7145505221897541,0.28544947781024593]"
18844,0,0.0,"[0.5599721063251235,0.44002789367487655]"
18856,0,0.0,"[0.8574299183761553,0.1425700816238448]"
18858,0,0.0,"[0.8302504460757886,0.16974955392421145]"
18859,0,0.0,"[0.6182171747822451,0.38178282521775503]"
18866,0,0.0,"[0.7834132410647702,0.21658675893522986]"
18874,0,0.0,"[0.6665511306789539,0.33344886932104595]"
18875,0,0.0,"[0.7674560162747541,0.23254398372524582]"
18880,0,0.0,"[0.6232501649578234,0.3767498350421766]"
18883,1,1.0,"[0.45262560238206634,0.5473743976179336]"
18886,0,0.0,"[0.6717846365374114,0.3282153634625885]"
18892,0,0.0,"[0.8367212360115629,0.16327876398843705]"
18895,0,0.0,"[0.6922301869742677,0.3077698130257323]"
18903,0,0.0,"[0.7102231856533389,0.2897768143466611]"
18906,0,0.0,"[0.8098286840994077,0.1901713159005923]"
18916,0,0.0,"[0.7553034180701989,0.2446965819298011]"
18917,0,0.0,"[0.7290473424560477,0.2709526575439522]"
18920,0,0.0,"[0.801739639052819,0.19826036094718094]"
18925,0,0.0,"[0.650048444644492,0.3499515553555081]"
18926,0,0.0,"[0.7554175371317742,0.2445824628682259]"
18937,0,0.0,"[0.7368781431304253,0.2631218568695748]"
18941,1,0.0,"[0.6286545794570394,0.3713454205429606]"
18954,0,0.0,"[0.6984893818189483,0.3015106181810519]"
18959,0,0.0,"[0.7752014521975342,0.22479854780246586]"
18962,0,0.0,"[0.8346092208285827,0.16539077917141745]"
18966,1,1.0,"[0.4504156722248297,0.5495843277751703]"
18973,0,0.0,"[0.7893131403009218,0.2106868596990781]"
18976,0,0.0,"[0.7536845987414673,0.2463154012585327]"
18982,0,0.0,"[0.6437134755322622,0.35628652446773784]"
18987,0,0.0,"[0.7215183176952537,0.2784816823047463]"
18991,1,0.0,"[0.7970302093864077,0.2029697906135923]"
18992,0,0.0,"[0.7513501844290869,0.2486498155709132]"
18993,0,0.0,"[0.6052918175574481,0.394708182442552]"
18995,0,0.0,"[0.6507770135894905,0.34922298641050964]"
19002,0,0.0,"[0.7626561255942209,0.23734387440577923]"
19006,0,0.0,"[0.6572481964659499,0.34275180353404994]"
19012,1,0.0,"[0.7802629737408905,0.2197370262591096]"
19033,0,0.0,"[0.8130558484786188,0.1869441515213812]"
19036,0,1.0,"[0.4891004520016875,0.5108995479983124]"
19037,0,0.0,"[0.6088490087791973,0.3911509912208027]"
19038,0,0.0,"[0.8395229707651997,0.16047702923480026]"
19041,0,0.0,"[0.8347245433473576,0.16527545665264257]"
19044,1,0.0,"[0.7460446566725696,0.2539553433274304]"
19048,0,0.0,"[0.7204547257710955,0.2795452742289045]"
19054,0,0.0,"[0.6938082002806313,0.3061917997193687]"
19058,1,0.0,"[0.6803790014162133,0.3196209985837867]"
19062,0,0.0,"[0.5720393615239742,0.4279606384760258]"
19063,1,0.0,"[0.7229214296490875,0.2770785703509125]"
19067,0,0.0,"[0.8391855573383727,0.1608144426616272]"
19069,0,0.0,"[0.8306422187201075,0.16935778127989265]"
19072,0,0.0,"[0.6946526214256337,0.30534737857436633]"
19076,0,0.0,"[0.8618765377106841,0.13812346228931596]"
19078,1,0.0,"[0.6167043889314152,0.38329561106858473]"
19081,0,0.0,"[0.676893872664061,0.32310612733593896]"
19082,0,0.0,"[0.7362847671402319,0.263715232859768]"
19090,0,0.0,"[0.6884974222609663,0.3115025777390337]"
19092,1,0.0,"[0.7756257958052056,0.22437420419479423]"
19102,0,0.0,"[0.570546983861327,0.429453016138673]"
19110,0,0.0,"[0.8123567823401903,0.18764321765980974]"
19116,0,0.0,"[0.6860335666376657,0.31396643336233426]"
19124,0,0.0,"[0.7601206523582359,0.23987934764176402]"
19130,0,0.0,"[0.7701314279259696,0.2298685720740304]"
19131,1,0.0,"[0.7042547571348364,0.2957452428651636]"
19135,0,0.0,"[0.8142743052800073,0.18572569471999273]"
19143,0,0.0,"[0.6191536793973255,0.38084632060267454]"
19146,0,0.0,"[0.8075350821536207,0.19246491784637937]"
19147,0,0.0,"[0.6649094597472612,0.33509054025273877]"
19149,0,0.0,"[0.643827343498231,0.35617265650176905]"
19151,0,0.0,"[0.8307259535553425,0.1692740464446574]"
19158,1,0.0,"[0.8114212460641208,0.18857875393587914]"
19164,0,0.0,"[0.7168221962061859,0.28317780379381396]"
19171,0,0.0,"[0.7026850221420364,0.2973149778579635]"
19177,1,0.0,"[0.5349194633548354,0.46508053664516447]"
19180,0,0.0,"[0.6714061786070001,0.3285938213929998]"
19192,0,1.0,"[0.3732122559493134,0.6267877440506867]"
19199,0,0.0,"[0.7733368466118765,0.22666315338812346]"
19207,1,0.0,"[0.6381947714939834,0.36180522850601665]"
19208,0,0.0,"[0.725204210162677,0.27479578983732306]"
19215,0,0.0,"[0.6483951998361076,0.35160480016389223]"
19218,0,0.0,"[0.6548524045580538,0.34514759544194623]"
19227,0,0.0,"[0.6151257909124878,0.38487420908751224]"
19237,0,0.0,"[0.8216158123830949,0.17838418761690503]"
19239,0,0.0,"[0.8361240015495776,0.16387599845042233]"
19241,0,0.0,"[0.6453970168046445,0.35460298319535555]"
19242,1,1.0,"[0.49056504407992285,0.5094349559200771]"
19253,0,0.0,"[0.801076391443106,0.19892360855689403]"
19258,0,0.0,"[0.752056075586325,0.24794392441367502]"
19259,1,0.0,"[0.6996571241174379,0.30034287588256214]"
19260,1,0.0,"[0.7788225011174473,0.22117749888255267]"
19262,1,0.0,"[0.6879579628243627,0.3120420371756373]"
19265,0,0.0,"[0.8249655242581863,0.17503447574181363]"
19279,0,0.0,"[0.8171071308836837,0.18289286911631628]"
19280,0,0.0,"[0.7894780123080666,0.2105219876919334]"
19294,0,1.0,"[0.43852630231861167,0.5614736976813882]"
19302,0,0.0,"[0.6641348726014851,0.3358651273985148]"
19304,0,0.0,"[0.5854444355440293,0.4145555644559707]"
19305,0,0.0,"[0.6814420625651996,0.31855793743480043]"
19311,0,0.0,"[0.5581025961880732,0.44189740381192677]"
19319,0,0.0,"[0.6722587536573252,0.3277412463426747]"
19323,1,0.0,"[0.5713966438442161,0.4286033561557838]"
19324,0,0.0,"[0.6306387866312219,0.3693612133687782]"
19332,0,0.0,"[0.7490635020181673,0.2509364979818327]"
19340,1,1.0,"[0.39661689843249914,0.603383101567501]"
19344,0,0.0,"[0.7860983925816083,0.21390160741839162]"
19355,0,0.0,"[0.7165459678355216,0.2834540321644784]"
19358,1,1.0,"[0.4531712528849862,0.5468287471150138]"
19371,0,0.0,"[0.8742007625553491,0.12579923744465102]"
19376,1,0.0,"[0.5561371755977242,0.44386282440227576]"
19387,0,0.0,"[0.6956807691479481,0.304319230852052]"
19392,0,0.0,"[0.7665733673718998,0.23342663262810012]"
19400,0,0.0,"[0.8172561613146752,0.1827438386853249]"
19404,0,0.0,"[0.7119498962970314,0.2880501037029685]"
19405,1,0.0,"[0.5776975924217077,0.42230240757829235]"
19406,1,0.0,"[0.6199381781785728,0.3800618218214272]"
19414,1,0.0,"[0.6116286276147085,0.3883713723852914]"
19418,0,0.0,"[0.7076438666962022,0.2923561333037979]"
19428,0,0.0,"[0.8625672476146914,0.13743275238530855]"
19431,1,0.0,"[0.6176678683074233,0.3823321316925767]"
19433,0,0.0,"[0.7534767282845937,0.2465232717154064]"
19437,0,0.0,"[0.701318306508527,0.2986816934914729]"
19444,0,0.0,"[0.7575626418647359,0.2424373581352641]"
19454,1,0.0,"[0.5469675635699538,0.45303243643004615]"
19470,0,0.0,"[0.7400587411781216,0.25994125882187846]"
19471,0,0.0,"[0.8476734087853176,0.15232659121468245]"
19480,1,0.0,"[0.609414385118006,0.3905856148819939]"
19481,0,0.0,"[0.7334321702474303,0.2665678297525696]"
19482,0,0.0,"[0.8197681316997442,0.1802318683002558]"
19487,0,0.0,"[0.7720284241109492,0.22797157588905081]"
19489,1,0.0,"[0.7515780067749669,0.248421993225033]"
19490,1,1.0,"[0.45900608182830427,0.5409939181716958]"
19492,0,0.0,"[0.7149632241981008,0.2850367758018993]"
19497,0,0.0,"[0.8772231974801664,0.12277680251983356]"
19498,1,0.0,"[0.8221802329341414,0.17781976706585842]"
19505,0,1.0,"[0.42518053442245485,0.574819465577545]"
19511,1,0.0,"[0.8013289968676942,0.19867100313230582]"
19512,1,0.0,"[0.7824856518549724,0.21751434814502754]"
19514,1,0.0,"[0.7405837417577094,0.2594162582422907]"
19516,0,0.0,"[0.7391802701453455,0.2608197298546545]"
19517,0,0.0,"[0.6206911599713522,0.37930884002864773]"
19527,0,0.0,"[0.5713956659016002,0.4286043340983999]"
19530,1,0.0,"[0.7437852683353138,0.2562147316646862]"
19531,0,0.0,"[0.7751039392738402,0.2248960607261597]"
19532,0,0.0,"[0.7110361647332176,0.2889638352667823]"
19533,1,0.0,"[0.5988584961421513,0.4011415038578487]"
19535,0,0.0,"[0.5373481626570672,0.46265183734293286]"
19537,1,0.0,"[0.6890245441746299,0.3109754558253702]"
19542,1,0.0,"[0.7567755601772006,0.2432244398227994]"
19545,0,0.0,"[0.551936892884393,0.44806310711560715]"
19553,1,0.0,"[0.5492256784416072,0.4507743215583927]"
19558,0,0.0,"[0.7994095010318782,0.20059049896812176]"
19567,1,0.0,"[0.5712289149062846,0.42877108509371553]"
19569,1,0.0,"[0.534250356169612,0.465749643830388]"
19571,0,0.0,"[0.6325262581812168,0.3674737418187833]"
19572,0,0.0,"[0.8544577820229715,0.14554221797702852]"
19585,0,0.0,"[0.5246712215983267,0.47532877840167326]"
19592,0,0.0,"[0.6244344716771725,0.37556552832282764]"
19595,0,0.0,"[0.8049109958859855,0.19508900411401459]"
19596,0,1.0,"[0.452696451475058,0.547303548524942]"
19598,0,0.0,"[0.6963202765008631,0.3036797234991368]"
19601,1,0.0,"[0.8216837483098247,0.1783162516901753]"
19606,1,0.0,"[0.5466992578345502,0.4533007421654498]"
19608,0,0.0,"[0.7923331721653872,0.20766682783461274]"
19612,0,0.0,"[0.7516377503149103,0.2483622496850897]"
19614,0,0.0,"[0.5943930316012532,0.40560696839874666]"
19615,0,0.0,"[0.6653090291971325,0.33469097080286747]"
19621,0,1.0,"[0.41262345727285776,0.5873765427271422]"
19622,0,0.0,"[0.8675755326064606,0.13242446739353944]"
19625,1,1.0,"[0.49578443507509795,0.5042155649249019]"
19631,1,0.0,"[0.6616592090990826,0.33834079090091745]"
19635,0,0.0,"[0.8421257299552958,0.1578742700447042]"
19643,1,1.0,"[0.4526552757671891,0.5473447242328109]"
19651,1,0.0,"[0.6553301599575346,0.3446698400424654]"
19653,0,0.0,"[0.7883488727112415,0.21165112728875848]"
19654,1,1.0,"[0.47127104895710725,0.5287289510428927]"
19664,0,0.0,"[0.6541488381342218,0.3458511618657783]"
19666,1,0.0,"[0.7037447199902338,0.2962552800097661]"
19677,1,0.0,"[0.7214582563019544,0.27854174369804563]"
19685,0,0.0,"[0.7228247538785213,0.2771752461214787]"
19690,1,0.0,"[0.8032441279143505,0.1967558720856494]"
19694,0,0.0,"[0.6913419614598809,0.3086580385401192]"
19698,1,0.0,"[0.5323738336254771,0.4676261663745229]"
19700,0,0.0,"[0.7828108124248183,0.2171891875751817]"
19709,0,0.0,"[0.7126408437778472,0.28735915622215286]"
19718,0,0.0,"[0.8560231142926168,0.14397688570738307]"
19726,1,0.0,"[0.7535798620572729,0.24642013794272705]"
19731,0,0.0,"[0.8043868538239312,0.19561314617606887]"
19734,0,0.0,"[0.8615516648012073,0.13844833519879274]"
19737,0,0.0,"[0.8688487676514229,0.1311512323485771]"
19749,1,0.0,"[0.7276246128296933,0.27237538717030685]"
19753,0,0.0,"[0.7151475311383588,0.2848524688616412]"
19754,0,0.0,"[0.5938613039675874,0.40613869603241254]"
19756,0,0.0,"[0.644572872905229,0.35542712709477103]"
19757,0,0.0,"[0.784701810178945,0.215298189821055]"
19768,0,0.0,"[0.7258095127556539,0.2741904872443461]"
19786,1,0.0,"[0.7429703081290171,0.257029691870983]"
19795,1,0.0,"[0.672537517906576,0.3274624820934241]"
19799,0,0.0,"[0.6628429605059931,0.3371570394940069]"
19803,0,0.0,"[0.7813352005057106,0.21866479949428938]"
19805,0,0.0,"[0.7641045292078082,0.23589547079219186]"
19814,0,0.0,"[0.5577226718328517,0.4422773281671484]"
19817,0,0.0,"[0.7756310450976955,0.22436895490230446]"
19821,0,0.0,"[0.6311113183084526,0.3688886816915474]"
19822,1,0.0,"[0.5492409269983082,0.4507590730016919]"
19824,0,0.0,"[0.7698647950055854,0.23013520499441456]"
19830,0,0.0,"[0.5694407942856936,0.4305592057143064]"
19832,1,0.0,"[0.5297976955258302,0.47020230447416994]"
19834,0,0.0,"[0.7421963799026668,0.25780362009733315]"
19835,0,0.0,"[0.7832133604141819,0.21678663958581812]"
19838,0,0.0,"[0.6488526645566818,0.3511473354433182]"
19839,1,0.0,"[0.6240087620159531,0.37599123798404677]"
19844,0,0.0,"[0.769970153372587,0.23002984662741308]"
19851,0,0.0,"[0.8076135170384754,0.19238648296152452]"
19852,0,0.0,"[0.6814537810883432,0.3185462189116569]"
19854,1,1.0,"[0.4361927184261319,0.5638072815738682]"
19859,0,0.0,"[0.6243740148552875,0.37562598514471257]"
19862,0,0.0,"[0.8212215610368405,0.17877843896315943]"
19866,1,0.0,"[0.6332140232879561,0.366785976712044]"
19867,0,0.0,"[0.7014784787326352,0.2985215212673647]"
19871,0,0.0,"[0.6109441200792889,0.3890558799207111]"
19873,0,0.0,"[0.7434023178067755,0.25659768219322443]"
19876,0,0.0,"[0.7790436211343105,0.2209563788656896]"
19879,0,0.0,"[0.8601188285315509,0.1398811714684491]"
19889,0,0.0,"[0.7271221109659229,0.2728778890340771]"
19903,0,0.0,"[0.7999358980702527,0.20006410192974738]"
19905,0,0.0,"[0.7227140358763351,0.27728596412366496]"
19907,0,0.0,"[0.7605995274678045,0.2394004725321956]"
19921,1,0.0,"[0.6610908114406429,0.3389091885593572]"
19927,0,0.0,"[0.815225542685835,0.1847744573141649]"
19941,0,0.0,"[0.6555730713389595,0.34442692866104047]"
19948,1,0.0,"[0.6474459887978464,0.35255401120215374]"
19950,1,0.0,"[0.8348640955451311,0.16513590445486895]"
19952,1,0.0,"[0.7986791272920423,0.20132087270795773]"
19955,0,0.0,"[0.5173768119352181,0.48262318806478194]"
19958,0,0.0,"[0.8209750735933897,0.17902492640661025]"
19966,0,0.0,"[0.6765664535248415,0.32343354647515854]"
19969,0,0.0,"[0.596168866605674,0.403831133394326]"
19971,0,0.0,"[0.8574253726052272,0.14257462739477278]"
19974,1,0.0,"[0.6039329935179554,0.3960670064820447]"
19979,0,0.0,"[0.7419236484451314,0.2580763515548686]"
19981,1,0.0,"[0.5080698627842659,0.4919301372157341]"
19986,0,0.0,"[0.6708770586347156,0.3291229413652845]"
19999,0,0.0,"[0.8112906526446961,0.18870934735530379]"
20000,0,0.0,"[0.7500241479945178,0.24997585200548225]"
